PlantGroup,Specie,TTO,PCoA1,PCoA2,PCoA3,PCoA4,Pot,RII_hl_AMF,RII_hl_nonAMF,RII_hl_total_hyphae,WSA%,WSA%_RII,Shoot_RII,LDMC_RII,SLA_RII,LeafN_RII,LeafCN_RII,RootsCN_RII,SoilCN_RII,pH_RII,EC_RII,NO3_RII,PO4_RII,RootN_RII,SoilN_RII,SoilC_RII,RootC_RII,leafC_RII,FLORES_RII,Rootmass_RII,R:S_RII,diameter_RII,LogDiam_RII,RTD_RII,logRTD_RII,SRL_RII,logSRL_RII,SRSA_RII,logSRSA_RII,RII_Hamf,sqrtRootmass_RII
Grasses,G_Anthoxanthum,Drought,-167.2854506,1.243513554,2.083941834,5.410042374,6,-0.79,-0.85,-0.81,21.81,-0.42,0.08,0.04,-0.19,-0.31,0.31,0.01,0.02,0.01,-0.06,-0.73,-0.14,-0.08,0.01,0.04,-0.04,0.02,#DIV/0!,-0.2,-0.28,0.26,0.01,-0.42,-0.09,-0.14,-0.04,0.15,0.03,,-0.09
Grasses,G_Anthoxanthum,Drought,-167.2854506,1.243513554,2.083941834,5.410042374,7,0.83,0.82,0.82,78.47,0.19,-0.1,0.13,-0.29,-0.35,0.27,0.18,-0.03,0.01,-0.17,-0.55,0.02,-0.16,0.03,0,0.05,-0.06,#DIV/0!,0.19,0.29,0.23,0.01,-0.36,-0.07,-0.12,-0.03,0.13,0.03,,0.11
Grasses,G_Anthoxanthum,Drought,-167.2854506,1.243513554,2.083941834,5.410042374,8,-0.31,-0.29,-0.3,32.65,-0.24,-0.04,0.15,-0.19,-0.44,0.27,-0.07,0.01,0.01,,,,-0.13,-0.01,0,-0.17,-0.18,#DIV/0!,-0.09,-0.05,0.13,0.01,-0.14,-0.03,-0.15,-0.04,0,0,,-0.03
Grasses,G_Anthoxanthum,Drought,-167.2854506,1.243513554,2.083941834,5.410042374,9,-0.5,-0.39,-0.47,33.92,-0.22,-0.04,0.17,-0.21,-0.31,0.3,-0.61,0,0,-0.23,-0.96,-0.03,0.57,0.03,0.03,-0.04,0.01,#DIV/0!,-0.63,-0.61,0.02,0,-0.03,0,-0.04,-0.01,-0.01,0,,-0.34
Grasses,G_Anthoxanthum,Drought,-167.2854506,1.243513554,2.083941834,5.410042374,10,-0.46,0.11,-0.33,20.81,-0.44,-0.02,0.1,-0.23,-0.31,0.29,-0.44,0.03,0.01,-0.14,-0.62,0.1,0.43,0.02,0.05,0.01,-0.01,#DIV/0!,-0.03,-0.01,-0.02,0,-0.03,-0.01,-0.01,0,0.01,0,,-0.01
Grasses,G_Arrhenateru,Drought,-167.2854506,1.243513554,2.083941834,5.410042374,116,-0.31,-0.03,-0.26,40.12,-0.15,-0.05,0,0.03,-0.19,0.15,0.04,0.08,0.03,0.03,-0.82,-0.02,-0.15,-0.02,0.07,-0.1,0.01,#DIV/0!,0.35,0.39,0.19,0.01,-0.31,-0.06,-0.11,-0.03,0.09,0.01,,0.19
Grasses,G_Arrhenateru,Drought,-167.2854506,1.243513554,2.083941834,5.410042374,117,-0.64,-0.69,-0.65,24.18,-0.38,-0.16,0.07,-0.04,-0.25,0.06,,0.01,0.02,-0.05,-0.91,-0.2,,-0.02,0,,-0.15,#DIV/0!,0.2,0.34,0.07,0.01,-0.36,-0.07,0.19,0.06,0.27,0.04,,0.11
Grasses,G_Arrhenateru,Drought,-167.2854506,1.243513554,2.083941834,5.410042374,118,0.11,0.53,0.23,47.9,-0.06,-0.27,0.07,-0.06,0.07,-0.08,-0.04,-0.04,0.02,-0.14,-0.56,0.03,0.28,0.08,0.04,0.25,0.03,#DIV/0!,0.21,0.45,0.09,0.01,-0.34,-0.06,0.13,0.05,0.23,0.03,,0.11
Grasses,G_Arrhenateru,Drought,-167.2854506,1.243513554,2.083941834,5.410042374,119,0.3,-0.38,0.18,36.39,-0.2,-0.2,0.03,0,-0.12,0.03,-0.08,0.01,0,0.05,-0.93,-0.13,-0.07,0,0.02,-0.14,-0.05,#DIV/0!,0.26,0.44,0.12,0.01,-0.37,-0.07,0.11,0.04,0.24,0.03,,0.14
Grasses,G_Arrhenateru,Drought,-167.2854506,1.243513554,2.083941834,5.410042374,120,-0.62,-0.3,-0.54,19.48,-0.47,0.06,0.04,-0.08,-0.32,0.21,0.02,0.02,0,0.16,-0.84,-0.13,-0.15,0.34,0.36,-0.13,-0.06,#DIV/0!,0.34,0.27,0.07,0.01,-0.24,-0.04,0.07,0.03,0.15,0.02,,0.18
Grasses,G_Dactylis,Drought,-167.5512515,1.250891833,2.102402338,5.475335921,206,-0.22,-0.15,-0.2,18.67,-0.37,-0.25,0.48,-0.44,-0.03,-0.1,-0.2,0.03,0,-0.07,-0.53,0.22,0.16,0.07,-0.01,-0.03,-0.12,#DIV/0!,0.38,0.6,0.07,0,-0.18,-0.03,0.02,0.01,0.09,0.02,-0.03,0.22
Grasses,G_Dactylis,Drought,-167.5512515,1.250891833,2.102402338,5.475335921,207,-0.29,0.24,-0.15,30.53,-0.14,-0.04,0.07,-0.05,-0.13,0.11,0.01,0.1,-0.01,-0.04,-0.68,-0.32,-0.05,-0.07,-0.08,-0.02,-0.02,#DIV/0!,0.27,0.34,0.16,0.01,-0.27,-0.05,-0.07,-0.02,0.09,0.02,-1,0.16
Grasses,G_Dactylis,Drought,-167.5512515,1.250891833,2.102402338,5.475335921,208,-0.38,0.09,-0.28,7.38,-0.69,0.1,,,-0.22,0.07,0.25,0.08,-0.01,0,-0.74,0.35,-0.15,-0.06,-0.09,0.12,-0.14,#DIV/0!,0.16,0.1,0.14,0.01,-0.05,-0.01,-0.25,-0.07,-0.1,-0.02,-1,0.1
Grasses,G_Dactylis,Drought,-167.5512515,1.250891833,2.102402338,5.475335921,209,-0.54,-0.45,-0.53,22.82,-0.28,-0.18,0.09,-0.05,-0.01,-0.04,0,0.15,0.01,-0.18,-0.62,0.31,0.11,-0.02,0.02,0.12,-0.04,#DIV/0!,0.13,0.32,0.14,0.01,-0.23,-0.04,-0.07,-0.02,0.08,0.01,-1,0.08
Grasses,G_Dactylis,Drought,-167.5512515,1.250891833,2.102402338,5.475335921,210,0.58,0,0.52,58.57,0.18,-0.17,,,-0.07,0.03,-0.02,0.11,-0.01,-0.02,-0.74,0.02,0,-0.01,-0.01,0,-0.03,#DIV/0!,0.4,0.56,0.18,0.01,-0.14,-0.02,-0.24,-0.07,-0.06,-0.01,0.04,0.22
Grasses,G_F.brevipila,Drought,-167.7403378,1.256116613,2.115435084,5.521280146,36,-0.18,0.01,-0.12,27.42,-0.33,-0.09,0.16,-0.21,-0.09,0.06,-0.05,0.04,-0.01,-0.28,-0.9,-0.11,0,-0.02,0.02,-0.05,0,#DIV/0!,-0.07,0.01,-0.05,-0.01,-0.15,-0.02,0.11,0.04,0.08,0.01,,-0.03
Grasses,G_F.brevipila,Drought,-167.7403378,1.256116613,2.115435084,5.521280146,37,0.35,0.43,0.38,31.74,-0.26,-0.16,0.13,-0.44,-0.16,0.13,-0.1,-0.04,0,-0.3,-0.06,0.2,0.02,-0.01,-0.05,-0.07,0,#DIV/0!,-0.3,-0.16,-0.07,-0.01,-0.21,-0.03,0.22,0.07,0.17,0.03,,-0.15
Grasses,G_F.brevipila,Drought,-167.7403378,1.256116613,2.115435084,5.521280146,38,0.27,0.55,0.36,23.06,-0.4,-0.36,0.08,-0.1,0.1,-0.15,-0.34,-0.04,-0.04,-0.07,0.16,-0.06,0.28,0.02,-0.02,-0.06,-0.01,#DIV/0!,-0.68,-0.43,-0.14,-0.01,-0.12,-0.01,0.27,0.09,0.15,0.03,,-0.39
Grasses,G_F.brevipila,Drought,-167.7403378,1.256116613,2.115435084,5.521280146,39,0.18,0.35,0.21,27.81,-0.32,-0.5,0.02,0.02,0.41,-0.43,0.05,-0.04,-0.04,-0.22,0.07,-0.11,0,-0.02,-0.07,0.05,0.01,#DIV/0!,-0.85,-0.6,-0.09,-0.01,-0.18,-0.02,0.26,0.08,0.17,0.03,,-0.55
Grasses,G_F.brevipila,Drought,-167.7403367,1.256116584,2.11543501,5.521279888,40,,,,15.02,-0.57,-0.15,0.09,-0.11,-0.08,0.05,-0.17,-0.03,-0.04,-0.23,-0.36,-0.06,0.17,0.06,0.02,0.01,0,#DIV/0!,-0.02,0.12,-0.05,-0.01,-0.1,-0.01,0.09,0.04,0.04,0.01,1,-0.01
Grasses,G_F.rubra,Drought,-167.7403367,1.256116584,2.11543501,5.521279888,156,0.34,0.18,0.3,18.3,-0.46,-0.11,-0.04,0.01,-0.22,0.2,0.04,0.02,-0.02,-0.15,-0.6,-0.27,-0.07,-0.06,-0.04,-0.02,0.02,#DIV/0!,-0.02,0.08,-0.05,0,0.05,0.01,0.01,0.01,-0.02,0,,0
Grasses,G_F.rubra,Drought,-167.7403367,1.256116584,2.11543501,5.521279888,157,-0.29,0.52,-0.17,20,-0.42,-0.25,-0.05,0.25,-0.27,0.12,0.05,0.01,-0.01,-0.13,-0.6,-0.07,-0.04,-0.03,-0.02,0.02,-0.11,#DIV/0!,-0.09,0.15,-0.11,-0.01,0.18,0.04,-0.02,0,-0.1,-0.02,0.45,-0.04
Grasses,G_F.rubra,Drought,-167.7403367,1.256116584,2.11543501,5.521279888,158,-0.44,0.04,-0.36,29.71,-0.25,-0.09,0.05,0.17,-0.05,0.05,0.01,0.03,-0.01,-0.04,0.11,0.03,-0.05,-0.05,-0.02,-0.03,0.03,#DIV/0!,-0.15,-0.07,0.02,0,0.01,0,-0.1,-0.02,-0.05,-0.01,-1,-0.07
Grasses,G_F.rubra,Drought,-167.7403367,1.256116584,2.11543501,5.521279888,159,0.34,0.41,0.36,27.63,-0.28,-0.22,-0.1,-0.11,-0.2,0.18,-0.01,-0.01,-0.01,0,-0.31,-0.2,0.03,0.02,0.02,0.02,0.01,#DIV/0!,-0.15,0.07,-0.02,0,0.13,0.03,-0.16,-0.04,-0.14,-0.03,,-0.07
Grasses,G_F.rubra,Drought,-167.7403367,1.256116584,2.11543501,5.521279888,160,-0.1,-0.27,-0.15,60.31,0.1,-0.1,0.02,-0.24,-0.26,0.23,0,-0.02,0,-0.06,-0.78,-0.2,-0.04,-0.01,-0.03,-0.03,0.01,#DIV/0!,0.04,0.14,0,0,0.06,0.01,-0.12,-0.03,-0.09,-0.02,-1,0.03
Grasses,G_Holcus,Drought,-167.5755339,1.251562575,2.104075077,5.481231419,106,0.44,-0.07,0.22,40.06,-0.01,-0.23,0.26,-0.19,-0.07,0.11,-0.18,-0.01,0,-0.16,-0.24,0.18,0.03,-0.04,-0.04,-0.14,0.05,#DIV/0!,-0.12,0.11,-0.04,0,-0.1,-0.02,0.16,0.05,0.11,0.02,,-0.05
Grasses,G_Holcus,Drought,-167.5755339,1.251562575,2.104075077,5.481231419,107,0.5,0.71,0.53,25.4,-0.23,-0.13,-0.06,0.08,-0.02,0.04,-0.05,0.02,-0.02,-0.07,-0.64,-0.32,0.07,-0.01,0.01,0.03,0.02,#DIV/0!,0.09,0.22,0.02,0,-0.12,-0.02,0.06,0.02,0.07,0.01,,0.06
Grasses,G_Holcus,Drought,-167.5755339,1.251562575,2.104075077,5.481231419,108,-0.03,-0.4,-0.14,52.21,0.12,0.01,-0.19,0.16,0,0.02,-0.01,0.01,-0.02,-0.17,-0.54,0.18,-0.03,-0.1,-0.09,-0.03,0.03,#DIV/0!,0.01,0.01,0.07,0.01,-0.15,-0.03,-0.05,-0.01,0.03,0,,0.02
Grasses,G_Holcus,Drought,-167.5755339,1.251562575,2.104075077,5.481231419,109,-0.66,-0.21,-0.58,22.28,-0.29,-0.15,0.29,-0.1,-0.02,0.02,0.09,-0.08,0,-0.11,-0.67,0.06,-0.01,0.01,-0.07,0.09,0.01,#DIV/0!,-0.21,-0.05,-0.02,0,-0.04,0,0.06,0.02,0.03,0,-1,-0.09
Grasses,G_Holcus,Drought,-167.5755339,1.251562575,2.104075077,5.481231419,110,0.27,-0.16,0.15,24.08,-0.26,-0.18,0.13,0.01,0.09,-0.06,-0.28,0.08,-0.02,-0.15,-0.67,-0.24,0.19,-0.06,0.02,-0.08,0.04,#DIV/0!,0.08,0.26,0.04,0,-0.23,-0.04,0.12,0.04,0.15,0.03,-1,0.05
Grasses,G_Loliu,Drought,-167.6068488,1.252428078,2.106234357,5.488844878,236,0.21,-0.33,0.09,27.35,-0.29,0.06,0.17,-0.1,-0.03,-0.22,-0.11,0.03,-0.04,-0.01,-0.16,0.06,0.13,0.05,0.09,0.03,0.01,#DIV/0!,-0.33,-0.38,0.06,0,-0.07,-0.01,-0.06,-0.02,0.01,0,-1,-0.17
Grasses,G_Loliu,Drought,-167.6068488,1.252428078,2.106234357,5.488844878,237,-0.18,-0.38,-0.22,23.8,-0.35,0.2,0.24,-0.26,-0.2,-0.05,-0.01,0.02,-0.03,-0.04,-0.62,-0.14,-0.1,0,0.02,-0.11,0.02,#DIV/0!,0.07,-0.12,0.1,0.01,0,0,-0.22,-0.06,-0.11,-0.02,-0.41,0.04
Grasses,G_Loliu,Drought,-167.6068488,1.252428078,2.106234357,5.488844878,238,0.25,-0.79,-0.06,27.27,-0.29,0.02,0.07,-0.06,-0.08,-0.17,0.14,0.03,-0.03,-0.06,-0.21,0.06,-0.05,0.05,0.09,0.09,0.02,#DIV/0!,-0.02,-0.03,0.19,0.01,0.01,0,-0.38,-0.11,-0.2,-0.03,-1,-0.01
Grasses,G_Loliu,Drought,-167.6068488,1.252428078,2.106234357,5.488844878,239,-0.71,-0.49,-0.67,15.21,-0.53,-0.25,0.14,-0.1,-0.27,0.01,,0.1,-0.04,-0.17,-0.83,-0.38,,0.05,0.15,,0,#DIV/0!,-0.27,-0.02,0.04,0,-0.16,-0.03,0.08,0.02,0.12,0.02,0.17,-0.13
Grasses,G_Loliu,Drought,-167.6068488,1.252428078,2.106234357,5.488844878,240,,,,60.57,0.1,-0.01,0.04,-0.23,-0.12,-0.11,-0.08,0.02,-0.01,0.06,-0.44,-0.05,0.08,0.07,0.1,0.01,0.04,#DIV/0!,-0.18,-0.16,0.08,0.01,-0.11,-0.02,-0.07,-0.02,0.02,0,,-0.09
Grasses,G_Poa,Drought,-167.3543212,1.24545044,2.08882949,5.427488519,176,0.05,0.47,0.12,26.99,0.07,-0.23,0.05,0.08,0.23,-0.25,-0.17,-0.05,-0.05,-0.17,-0.89,-0.34,0.06,0.09,0.05,-0.11,-0.01,#DIV/0!,-0.56,-0.38,-0.01,0,0.08,0.02,-0.07,-0.01,-0.09,-0.02,-1,-0.3
Grasses,G_Poa,Drought,-167.3543212,1.24545044,2.08882949,5.427488519,177,-0.6,-0.74,-0.65,27.79,0.08,-0.07,0.05,-0.28,-0.1,0.01,-0.02,0.03,0.01,-0.2,-0.09,0.42,-0.04,0.01,0.04,-0.05,-0.08,#DIV/0!,-0.01,0.05,0.05,0,-0.01,0,-0.13,-0.03,-0.06,-0.01,,0
Grasses,G_Poa,Drought,-167.3543212,1.24545044,2.08882949,5.427488519,178,-0.04,-0.42,-0.13,39.58,0.25,-0.37,0.16,-0.09,-0.27,0.24,0,-0.04,0.01,-0.18,-0.56,-0.15,0.04,0.07,0.04,0.04,-0.02,#DIV/0!,-0.14,0.24,0.02,0,-0.04,-0.01,-0.06,-0.01,-0.02,0,-1,-0.07
Grasses,G_Poa,Drought,-167.3543212,1.24545044,2.08882949,5.427488519,179,-0.81,-0.82,-0.81,56.55,0.41,-0.32,-0.05,0.18,-0.02,0.02,-0.05,0.07,0,0.09,0.01,0.1,-0.06,-0.01,0.07,-0.1,0,#DIV/0!,-0.22,0.1,0.02,0,-0.02,0,-0.07,-0.01,-0.03,-0.01,0.08,-0.11
Grasses,G_Poa,Drought,-167.3543212,1.24545044,2.08882949,5.427488519,180,-0.54,0.01,-0.42,22.51,-0.03,-0.33,0.01,-0.34,0.17,-0.14,-0.19,0.06,0.02,-0.1,-0.02,-0.08,0.15,-0.1,-0.04,-0.04,0.04,#DIV/0!,-0.44,-0.14,0.02,0,0.06,0.01,-0.12,-0.03,-0.1,-0.02,,-0.23
Herbs,H_Achillea,Drought,95.88596035,96.41073678,76.29374266,14.23230035,46,-0.2,-0.25,-0.21,27.79,-0.31,0.09,0.03,-0.08,0.17,-0.03,0.26,-0.01,0,0.05,-0.61,0.08,-0.24,0.03,0.02,0.04,0.16,#DIV/0!,0.29,0.21,0.12,0.01,-0.2,-0.03,-0.08,-0.02,0.05,0,0.55,0.19
Herbs,H_Achillea,Drought,95.88596035,96.41073678,76.29374266,14.23230035,47,-0.22,0.04,-0.12,28.8,-0.3,-0.24,-0.03,-0.13,-0.19,0.21,0.27,-0.03,0.01,-0.11,-0.78,0.16,-0.3,-0.01,-0.05,-0.02,0.03,#DIV/0!,0.31,0.5,-0.05,0,-0.03,0,0.08,0.03,0.05,0,,0.2
Herbs,H_Achillea,Drought,95.88596035,96.41073678,76.29374266,14.23230035,48,-0.43,-0.11,-0.35,52.47,-0.01,-0.02,0.42,-0.22,0.02,0.09,0.21,0.02,0,-0.06,-0.93,-0.08,-0.24,0.01,0.03,-0.02,0.13,#DIV/0!,0.56,0.57,0.07,0,-0.22,-0.04,0.02,0.01,0.12,0.01,,0.34
Herbs,H_Achillea,Drought,95.88596035,96.41073678,76.29374266,14.23230035,49,-0.18,-0.14,-0.17,34.73,-0.21,-0.15,-0.08,0.03,0.08,-0.02,0.19,0,0.01,-0.18,-0.97,-0.15,-0.21,0.05,0.05,0,0.07,#DIV/0!,0.28,0.4,0.1,0.01,-0.27,-0.05,0.01,0.01,0.15,0.02,,0.18
Herbs,H_Achillea,Drought,95.88596035,96.41073678,76.29374266,14.23230035,50,,,,22.73,-0.4,0.02,0.47,-0.08,0.02,0.05,0.11,-0.01,-0.01,0.01,-0.93,0.03,-0.08,0.02,0.02,0.05,0.09,#DIV/0!,0.52,0.49,0.09,0.01,-0.15,-0.03,-0.09,-0.02,0.03,0,,0.31
Herbs,H_Armeria,Drought,86.23100906,33.32994937,-125.2543362,36.23495435,256,-0.6,-0.64,-0.61,21.91,-0.31,-0.54,0.01,0.01,-0.01,0,-0.05,-0.02,-0.04,0.28,,0.35,0.05,0.05,0.03,0.01,-0.01,-1,-0.12,0.34,0.34,0.05,-0.07,0,-0.81,-0.23,-0.45,-0.04,,-0.01
Herbs,H_Armeria,Drought,86.23100906,33.32994937,-125.2543362,36.23495435,257,0.91,0.06,0.75,28.24,-0.19,-0.08,0.19,-0.2,-0.06,0.09,0.06,0,-0.02,-0.11,-0.41,0.25,-0.19,0.02,0.02,-0.12,0.04,-1,-0.15,-0.19,-0.24,-0.02,0.29,0.06,-0.28,-0.05,-0.24,-0.02,,-0.03
Herbs,H_Armeria,Drought,86.23100906,33.32994937,-125.2543362,36.23495435,258,0.41,0.28,0.39,27.84,-0.2,0.09,0.18,-0.17,-0.07,0.1,-0.1,-0.02,-0.01,-0.34,-0.45,0.32,0.07,-0.06,-0.08,-0.02,0.04,-0.411764706,0.18,-0.04,0.05,0.01,0.32,0.06,-0.73,-0.2,-0.52,-0.04,,0.14
Herbs,H_Armeria,Drought,86.23100906,33.32994937,-125.2543362,36.23495435,259,0.65,0.57,0.63,22.94,-0.29,-0.44,-0.02,0.04,-0.05,0.04,0.09,0,0,-0.35,-0.39,-0.18,-0.25,0,0,-0.15,0,-1,-0.43,-0.08,-0.12,-0.01,0.02,0.01,-0.25,-0.04,-0.09,-0.01,,-0.18
Herbs,H_Armeria,Drought,86.23100906,33.32994937,-125.2543362,36.23495435,260,-0.04,-0.4,-0.13,16.67,-0.43,-0.52,0.2,-0.22,-0.03,0.08,-0.15,0.02,-0.01,-0.3,-0.24,0.05,0.18,-0.01,0.01,0.05,0.06,-1,-0.45,-0.04,-0.18,-0.02,0.3,0.06,-0.41,-0.09,-0.31,-0.03,-1,-1
Herbs,H_Artemisia,Drought,95.88596126,96.4107383,76.29374416,14.23230097,96,-0.39,-0.2,-0.35,27.63,-0.31,-0.27,0.09,-0.04,-0.13,0.17,0.04,-0.04,0.01,-0.18,-0.64,0,-0.04,-0.01,-0.05,0.04,0.05,#DIV/0!,0.04,0.29,0.13,0.01,-0.05,0,-0.56,-0.12,-0.29,-0.02,,0.02
Herbs,H_Artemisia,Drought,95.88596126,96.4107383,76.29374416,14.23230097,97,0.12,0.23,0.15,26.02,-0.34,-0.4,-0.08,0.09,0.04,-0.04,0.1,0,0,-0.19,-0.78,-0.07,-0.1,0.01,0.01,0.04,0,#DIV/0!,-0.11,0.29,-0.15,-0.01,-0.14,-0.02,0.01,0.05,0.07,0.01,,-0.05
Herbs,H_Artemisia,Drought,95.88596126,96.4107383,76.29374416,14.23230097,98,0.01,0.53,0.16,29.64,-0.28,-0.3,0.09,-0.03,-0.12,0.17,0.08,-0.03,0,-0.27,-0.78,0.11,-0.1,0.01,-0.02,0.02,0.05,#DIV/0!,0.16,0.42,-0.12,-0.01,0.03,0.01,-0.23,-0.02,-0.12,-0.01,,0.08
Herbs,H_Artemisia,Drought,95.88596126,96.4107383,76.29374416,14.23230097,99,-0.25,-0.33,-0.27,,,-0.16,-0.17,0.03,0.06,0,-0.3,-0.08,-0.01,-0.22,-0.41,-0.28,0.32,-0.03,-0.11,0.05,0.06,#DIV/0!,-0.42,-0.29,0.14,0.02,0.03,0.01,-0.64,-0.14,-0.38,-0.02,-1,-0.22
Herbs,H_Artemisia,Drought,95.88596126,96.4107383,76.29374416,14.23230097,100,0.34,0.15,0.29,47.51,-0.05,-0.37,-0.01,-0.02,-0.15,0.12,0.16,-0.07,0.01,-0.21,-0.69,-0.19,-0.15,0.03,-0.04,0.04,-0.02,#DIV/0!,0.39,0.65,-0.22,-0.02,0.12,0.03,-0.06,0.03,-0.09,-0.01,,0.21
Herbs,H_Berteroa,Drought,75.98118122,-38.33992139,-5.20691025,-21.67265094,16,-0.68,-0.59,-0.66,55.66,0.2,-0.12,-0.06,0.11,0.1,-0.04,0.43,-0.06,,,,,-0.62,0.4,0.34,-0.24,0.08,0.465517241,0.06,0.16,-0.2,-0.01,-0.06,-0.01,0.21,0.1,0.16,0.02,,0.03
Herbs,H_Berteroa,Drought,75.98118122,-38.33992139,-5.20691025,-21.67265094,17,-0.46,-0.03,-0.33,29.73,-0.11,-0.19,0.05,-0.05,0.08,-0.1,-0.07,-0.02,0.02,-0.12,-0.35,0.1,0.11,0.34,0.32,0.05,0,-1,-0.21,-0.03,-0.11,-0.01,-0.03,0,0,0.03,0.04,0,,-0.1
Herbs,H_Berteroa,Drought,75.98118122,-38.33992139,-5.20691025,-21.67265094,18,-0.16,-0.25,-0.18,26.86,-0.16,-0.26,-0.1,0.07,0.07,-0.01,0.08,-0.05,0,-0.24,-0.27,0.01,-0.01,0.01,-0.04,0.09,0.08,-1,-0.13,0.1,-0.15,-0.01,-0.18,-0.03,0.24,0.11,0.24,0.03,,-0.06
Herbs,H_Berteroa,Drought,75.98118122,-38.33992139,-5.20691025,-21.67265094,19,-0.53,-0.21,-0.45,19.67,-0.31,-0.12,0.11,-0.16,-0.26,0.18,-0.01,0.03,0.01,-0.25,-0.48,-0.17,0.05,-0.14,-0.11,0.05,-0.06,-1,0,0.1,-0.11,-0.01,0.16,0.03,-0.2,-0.03,-0.15,-0.01,,0
Herbs,H_Berteroa,Drought,75.98118122,-38.33992139,-5.20691025,-21.67265094,20,-0.95,-0.79,-0.89,20.39,-0.29,-0.02,0.14,-0.23,0.01,0.01,0.52,-0.04,0,-0.08,-0.25,-0.17,-0.5,0.31,0.28,0.04,0.04,-1,-0.12,-0.13,-0.13,-0.01,0.02,0,-0.02,0.03,0.01,0,,-0.06
Herbs,H_Daucus,Drought,86.15432008,54.35756223,20.96090602,-1.845406579,26,-0.45,-0.4,-0.44,17.38,-0.47,-0.53,0.06,-0.09,-0.11,0.11,0.06,-0.02,-0.01,-0.19,-0.72,0.1,0.01,0.18,0.15,0.07,0.01,-1,0.07,0.54,0.01,0,-0.17,-0.02,0.03,0.03,0.05,0.01,0.32,0.04
Herbs,H_Daucus,Drought,86.15432008,54.35756223,20.96090602,-1.845406579,27,-0.67,-0.85,-0.72,7.88,-0.72,-0.51,-0.01,0.02,-0.19,0.07,0,0.04,0.02,-0.17,-0.23,0.2,0.02,-0.21,-0.18,0.03,-0.11,-1,0.05,0.5,0.04,0,-0.11,-0.01,-0.14,-0.02,-0.06,-0.01,,0.03
Herbs,H_Daucus,Drought,86.15432008,54.35756223,20.96090602,-1.845406579,28,-0.54,-0.27,-0.43,19.05,-0.43,-0.16,0.09,-0.13,-0.1,0.06,0.02,-0.01,-0.02,-0.26,-0.67,-0.1,0.05,-0.18,-0.2,0.07,-0.02,-1,0.05,0.15,0.09,0,-0.09,0,-0.23,-0.05,-0.12,-0.02,,0.03
Herbs,H_Daucus,Drought,86.15432008,54.35756223,20.96090602,-1.845406579,29,0.34,-0.31,0.21,27.91,-0.26,-0.37,0.1,-0.08,-0.12,0.12,-0.01,0.02,0,-0.07,-0.4,-0.1,0.06,-0.24,-0.23,0.06,0.01,-1,0.07,0.38,0.12,0.01,-0.17,-0.02,-0.22,-0.04,-0.07,-0.01,-1,0.04
Herbs,H_Daucus,Drought,86.15432008,54.35756223,20.96090602,-1.845406579,30,-0.33,0.04,-0.15,48.5,0.01,-0.39,0.05,-0.11,0.03,-0.01,-0.3,0.02,0.01,-0.2,-0.31,0.15,0.21,-0.16,-0.15,-0.09,0.03,-1,0.1,0.42,0.12,0.01,-0.2,-0.03,-0.17,-0.03,-0.03,0,0.29,0.06
Herbs,H_Galiu,Drought,84.5113187,44.16246317,3.325779029,-9.119017629,166,0.22,0.39,0.27,11.2,-0.42,-0.3,-0.03,-0.14,-0.18,0.19,0.1,-0.03,0,-0.22,,-0.08,-0.01,-0.09,-0.12,0.11,0.02,-1,-0.46,-0.04,0.24,0.02,0.13,0.02,-0.58,-0.18,-0.38,-0.03,,-0.17
Herbs,H_Galiu,Drought,84.5113187,44.16246317,3.325779029,-9.119017629,167,-0.26,-0.03,-0.2,32.29,0.09,-0.14,0.17,-0.31,-1,,0.19,-0.12,0.01,-0.13,,-0.02,-0.05,0.08,-0.04,0.15,,-1,-0.11,0.18,-0.06,-0.01,-0.04,-0.01,0.1,0.04,0.07,0.01,,0.02
Herbs,H_Galiu,Drought,84.5113187,44.16246317,3.325779029,-9.119017629,168,-0.3,-0.33,-0.31,25.58,-0.03,-0.39,0.05,-0.08,-0.23,0.25,0.07,-0.04,0.01,-0.06,-0.86,0.23,0,-0.08,-0.12,0.09,0.04,-1,-0.35,0.19,0.02,0,0.1,0.02,-0.19,-0.05,-0.14,-0.02,,-0.1
Herbs,H_Galiu,Drought,84.5113187,44.16246317,3.325779029,-9.119017629,169,-0.07,-0.09,-0.08,24.05,-0.06,-0.11,0.01,-0.15,-0.03,0.05,0.02,0,0,-0.12,,0.31,0.11,0,0,0.15,0.04,-1,-0.57,-0.38,0.2,0.02,0.23,0.04,-0.6,-0.18,-0.44,-0.04,-1,-0.24
Herbs,H_Galiu,Drought,84.5113187,44.16246317,3.325779029,-9.119017629,170,0.53,0.37,0.47,28.03,0.02,-0.12,0.15,-0.18,-0.24,0.18,0.12,-0.07,0,-0.14,-0.86,-0.15,-0.04,0.08,0.01,0.1,-0.05,-1,-0.04,0.23,-0.04,0,-0.07,-0.01,0.07,0.03,0.07,0.01,-1,0.06
Herbs,H_Hieraciu,Drought,95.68602831,95.66174217,75.41017096,14.00810448,86,-0.07,0.09,-0.03,39.47,0.01,-0.24,0.37,-0.34,-0.3,0.23,0.26,0.04,0.01,0.01,-0.47,0.26,-0.17,0.02,0.06,0.1,-0.06,-1,0.43,0.61,0.05,0.01,-0.16,-0.03,0.02,0.01,0.09,0.01,1,0.25
Herbs,H_Hieraciu,Drought,95.68602831,95.66174217,75.41017096,14.00810448,87,-0.05,0.67,0.18,23.68,-0.24,-0.09,0.17,-0.05,-0.36,0.26,0.37,-0.03,0,-0.27,-0.61,0.23,-0.33,0.07,0.04,0.05,-0.1,-1,0.35,0.43,0,0,-0.21,-0.04,0.17,0.05,0.18,0.03,,0.21
Herbs,H_Hieraciu,Drought,95.68602831,95.66174217,75.41017096,14.00810448,88,-0.13,1,-0.04,31.23,-0.11,-0.14,0.31,-0.11,-0.16,0.15,0.24,0.04,0.01,-0.07,-0.43,-0.06,-0.18,-0.06,-0.02,0.07,0,-1,0.05,0.19,-0.03,0,-0.24,-0.04,0.29,0.09,0.27,0.04,,0.05
Herbs,H_Hieraciu,Drought,95.68602831,95.66174217,75.41017096,14.00810448,89,-0.77,-0.43,-0.74,14.84,-0.45,-0.09,0.11,-0.34,-0.25,0.19,0.33,0,0.01,-0.24,-0.61,0.11,-0.3,0.04,0.03,0.05,-0.06,-1,0.02,0.11,0,0,-0.21,-0.04,0.18,0.06,0.19,0.03,,0.04
Herbs,H_Hieraciu,Drought,95.68602831,95.66174217,75.41017096,14.00810448,90,-0.26,0.57,0.01,63.27,0.24,-0.17,0.24,-0.18,-0.36,0.2,,-0.01,0.01,-0.12,-0.61,-0.06,,0.01,0,,-0.16,-1,-0.19,-0.01,-0.03,0,-0.17,-0.03,0.22,0.07,0.2,0.03,,-0.07
Herbs,H_Hypericu,Drought,78.76518446,-54.28315215,1.594750959,-13.70980177,146,0.25,0.35,0.28,43.4,0.05,-0.3,0.15,-0.18,-0.22,0.12,-0.03,-0.05,0.01,-0.2,-0.85,-0.37,0.06,-0.03,-0.08,0.08,-0.08,#DIV/0!,0.07,0.34,-0.08,-0.01,0.01,0,0.11,0.04,0.05,0.01,,0.06
Herbs,H_Hypericu,Drought,78.76518446,-54.28315215,1.594750959,-13.70980177,147,-0.56,-0.37,-0.52,38.15,-0.01,-0.29,0.18,-0.34,-0.26,0.22,0,-0.07,0.01,-0.25,-0.88,-0.32,0.04,-0.06,-0.13,0.09,-0.02,#DIV/0!,0.15,0.39,0.07,0.01,0.17,0.03,-0.35,-0.1,-0.27,-0.02,,0.09
Herbs,H_Hypericu,Drought,78.76518446,-54.28315215,1.594750959,-13.70980177,148,-0.65,-0.31,-0.59,16.5,-0.41,-0.3,0.16,-0.28,-0.16,0.15,-0.03,-0.04,-0.02,-0.2,-0.91,-0.49,0.03,-0.03,-0.07,0.05,0.01,#DIV/0!,0.33,0.55,-0.01,0,-0.18,-0.03,0.14,0.05,0.16,0.02,,0.19
Herbs,H_Hypericu,Drought,78.76518446,-54.28315215,1.594750959,-13.70980177,149,0.51,0.67,0.56,11.48,-0.55,-0.18,0.18,-0.19,-0.21,0.21,0.01,0,0.01,-0.14,-0.91,-0.14,0.04,-0.01,-0.01,0.09,0.02,#DIV/0!,0.31,0.43,0.04,0,0,0,-0.11,-0.03,-0.06,0,,0.18
Herbs,H_Hypericu,Drought,78.76518446,-54.28315215,1.594750959,-13.70980177,150,0.49,-0.3,0.29,29.79,-0.14,-0.07,0.18,-0.33,-0.19,0.17,-0.05,-0.09,0.02,-0.13,-0.82,-0.18,0.07,-0.04,-0.14,0.07,0,#DIV/0!,0.29,0.32,0.09,0.01,0.14,0.03,-0.37,-0.11,-0.27,-0.02,,0.17
Herbs,H_Plantago,Drought,84.51131952,44.16246403,3.325779239,-9.119017475,76,-0.32,-0.34,-0.32,34.15,-0.24,-0.09,0.17,-0.34,-0.03,0.05,0.01,0.04,-0.01,-0.2,-0.78,0.07,-0.04,0,0.04,-0.01,0.05,#DIV/0!,0.29,0.36,0.13,0.01,-0.13,-0.02,-0.18,-0.04,-0.07,-0.01,,0.16
Herbs,H_Plantago,Drought,84.51131952,44.16246403,3.325779239,-9.119017475,77,-0.38,-0.38,-0.38,68.15,0.11,-0.32,0.06,-0.39,0.25,-0.24,0.21,-0.02,-0.01,-0.3,-0.68,0.82,-0.18,0,-0.02,0.05,0.06,#DIV/0!,0.21,0.48,0.05,0,-0.25,-0.04,0.12,0.05,0.15,0.03,,0.12
Herbs,H_Plantago,Drought,84.51131952,44.16246403,3.325779239,-9.119017475,78,0.23,-0.07,0.18,27.88,-0.33,-0.33,-0.05,0.1,-0.06,-0.18,0.01,-0.02,-0.03,-0.02,-0.01,-0.1,0.05,-0.01,-0.02,0.08,-0.2,#DIV/0!,-0.18,0.14,0,0,-0.09,-0.01,0.04,0.02,0.02,0,,-0.08
Herbs,H_Plantago,Drought,84.51131952,44.16246403,3.325779239,-9.119017475,79,0.31,0.02,0.25,38.9,-0.17,-0.24,0.05,0.07,-0.17,0.07,0.19,-0.01,0,-0.11,-0.78,-0.03,-0.14,0.01,0,0.06,-0.06,#DIV/0!,0.22,0.42,0.05,0,-0.3,-0.05,0.17,0.06,0.2,0.03,,0.12
Herbs,H_Plantago,Drought,84.51131952,44.16246403,3.325779239,-9.119017475,80,-0.47,0.37,-0.26,26.09,-0.36,-0.11,0.04,0.1,0.05,-0.11,-0.32,0.19,-0.02,-0.03,-0.18,-0.03,0.29,0.04,0.23,-0.01,-0.02,#DIV/0!,0.1,0.2,0.17,0.01,-0.27,-0.04,-0.11,-0.02,0.04,0.01,,0.06
Herbs,H_Potentilla,Drought,80.6096579,-65.60890897,6.77338605,-6.901892974,66,-0.07,-0.21,-0.1,20.35,-0.21,0.15,0.03,-0.17,-0.14,0.09,-0.05,0.04,-0.01,-0.1,-0.67,0.15,0.14,-0.02,0.02,0.1,-0.01,#DIV/0!,0.35,0.21,-0.04,0,-0.14,-0.02,0.03,0.03,0.07,0.01,,0.19
Herbs,H_Potentilla,Drought,80.6096579,-65.60890897,6.77338605,-6.901892974,67,-0.18,-0.63,-0.39,48.52,0.22,-0.32,0.11,-0.14,-0.11,0.07,0.12,-0.05,-0.02,-0.12,-0.19,-0.22,-0.04,-0.02,-0.07,0.09,0,#DIV/0!,-0.28,0.04,0,0,-0.2,-0.03,0.01,0.03,0.1,0.01,,-0.13
Herbs,H_Potentilla,Drought,80.6096579,-65.60890897,6.77338605,-6.901892974,68,0.19,0.69,0.38,42.81,0.16,-0.29,0.07,-0.15,-0.12,0.1,0.05,-0.03,-0.03,-0.2,-0.28,0.12,-0.07,-0.01,-0.04,-0.01,0.02,#DIV/0!,-0.56,-0.31,0.23,0.02,-0.04,0,-0.55,-0.13,-0.3,-0.02,,-0.3
Herbs,H_Potentilla,Drought,80.6096579,-65.60890897,6.77338605,-6.901892974,69,-0.47,-0.81,-0.56,21.97,-0.17,-0.27,0.07,-0.15,-0.14,0.08,-0.1,-0.03,0.01,0.05,-0.28,-0.05,0.11,-0.04,-0.07,0.02,-0.02,#DIV/0!,0.09,0.35,0.01,0,-0.1,-0.01,-0.11,-0.01,-0.01,0,,0.06
Herbs,H_Potentilla,Drought,80.6096579,-65.60890897,6.77338605,-6.901892974,70,-0.38,0.23,-0.25,17.98,-0.27,0.16,0.08,-0.23,0.01,-0.07,-0.1,-0.03,0.01,-0.05,-0.04,0.35,-0.11,0.02,-0.01,-0.21,-0.02,1,0.26,0.09,-0.04,0,-0.16,-0.02,0.05,0.04,0.09,0.01,,0.14
Herbs,H_Ranunculus,Drought,35.58897393,-6.977592145,-27.61805502,-198.3916142,247,-0.02,-0.59,-0.14,,,-0.22,0.02,-0.08,-0.1,0.06,0.01,0.08,0,0.04,0.51,,-0.24,-0.1,-0.01,0.01,0.01,#DIV/0!,-0.06,0.17,-0.01,0,-0.08,-0.01,0.01,0.01,0.03,0.01,0.04,-0.01
Herbs,H_Ranunculus,Drought,35.58897393,-6.977592145,-27.61805502,-198.3916142,248,-0.63,-0.3,-0.56,34.53,0.16,-0.23,0.01,-0.05,-0.07,0.01,-0.22,0,-0.01,-0.14,0.29,,-0.13,-0.06,-0.06,-0.11,0.01,#DIV/0!,-0.09,0.15,0,0,0,0,-0.08,-0.02,-0.05,0,0.14,-0.03
Herbs,H_Ranunculus,Drought,35.58897393,-6.977592145,-27.61805502,-198.3916142,249,-0.78,-0.16,-0.73,28.16,0.06,0.06,0,-0.03,-0.07,0.02,-0.15,-0.05,0.02,-0.15,0.06,0.35,-0.08,0.02,-0.03,0.01,0.01,#DIV/0!,-0.2,-0.24,0.21,0.02,0.3,0.06,-0.67,-0.21,-0.52,-0.05,,-0.09
Herbs,H_Ranunculus,Drought,35.58897393,-6.977592145,-27.61805502,-198.3916142,250,0.29,0.18,0.28,24.66,-0.01,-0.19,0.09,-0.15,-0.14,0.06,-0.13,0.04,0,-0.18,0.37,0.08,-0.08,-0.05,-0.01,0.03,-0.03,#DIV/0!,-0.2,0.01,-0.01,0,0.06,0.01,-0.11,-0.02,-0.1,-0.01,0.08,-0.09
Herbs,H_Rumex,Drought,86.23100945,33.32994963,-125.2543372,36.23495488,216,-0.29,-0.19,-0.26,24.72,-0.33,-0.37,-0.04,0.03,0,0.03,0.12,-0.01,-0.01,-0.15,-0.07,-0.15,0.11,0,-0.01,0.22,0.03,#DIV/0!,-0.42,-0.1,0.46,0.07,-0.24,-0.03,-0.81,-0.08,-0.36,0,-1,-0.21
Herbs,H_Rumex,Drought,86.23100945,33.32994963,-125.2543372,36.23495488,217,0.3,-0.53,0.12,42.5,-0.07,-0.48,-0.13,0.26,0.2,-0.21,0.03,0.02,0,-0.22,-0.04,0.08,0.17,0.07,0.09,0.21,0,#DIV/0!,-0.38,0.08,0.21,0.03,-0.27,-0.03,-0.48,-0.05,-0.12,0,,-0.19
Herbs,H_Rumex,Drought,86.23100945,33.32994963,-125.2543372,36.23495488,218,-0.6,-0.51,-0.58,14.21,-0.55,-0.54,-0.05,-0.07,-0.25,0.23,0.21,0,0,-0.06,-0.95,-0.15,0,0.01,0.01,0.21,-0.01,#DIV/0!,-0.26,0.3,0.13,0.01,-0.07,-0.01,-0.5,-0.05,-0.23,0,,-0.12
Herbs,H_Rumex,Drought,86.23100945,33.32994963,-125.2543372,36.23495488,219,-0.48,-0.39,-0.46,27.47,-0.28,-0.22,-0.09,-0.01,0.14,-0.16,-0.12,-1.05,-0.06,-0.06,0.13,0.26,0.32,-0.7,-1.01,0.21,-0.02,#DIV/0!,-0.19,0,0.41,0.06,-0.4,-0.06,-0.68,-0.07,-0.23,0,,-0.09
Herbs,H_Rumex,Drought,86.23100945,33.32994963,-125.2543372,36.23495488,220,-0.11,-0.58,-0.23,36.42,-0.15,-0.04,-0.2,0.29,0.1,-0.11,0.06,0.01,-0.04,-0.13,0.26,0.16,0.14,0.35,0.36,0.2,-0.01,#DIV/0!,-0.12,-0.12,0.44,0.07,-0.19,-0.02,-0.81,-0.08,-0.36,0,,-0.05
Herbs,H_Silene,Drought,83.21905571,28.48247445,-95.77317819,23.43552895,186,-0.19,0.02,-0.14,28.3,-0.2,-0.15,0.12,-0.12,0.01,0.02,0.05,0.05,-0.01,-0.15,-0.57,0.21,-0.13,0.03,0.08,-0.06,0.04,-0.427083333,0.09,0.21,-0.18,-0.02,0.09,0.01,0.23,0.05,0.07,0,-1,0.05
Herbs,H_Silene,Drought,83.21905571,28.48247445,-95.77317819,23.43552895,187,-0.65,-0.5,-0.62,30.26,-0.17,-0.4,-0.01,-0.12,-0.26,0.26,-0.02,0,-0.01,-0.16,-0.57,-0.09,-0.05,0.11,0.1,-0.05,0.01,-1,0.25,0.58,-0.15,-0.01,0.13,0.02,0.13,0.03,0.01,0,,0.13
Herbs,H_Silene,Drought,83.21905571,28.48247445,-95.77317819,23.43552895,189,0.61,0.27,0.51,19.77,-0.37,-0.08,0.15,-0.09,-0.11,0.13,0.02,-0.01,-0.02,0.11,-0.82,-0.09,-0.06,0.39,0.37,-0.02,0.03,-0.262672811,-0.06,0,-0.01,0,0.06,0.01,-0.1,-0.02,-0.06,0,,-0.02
Herbs,H_Silene,Drought,83.21905571,28.48247445,-95.77317819,23.43552895,190,0.4,0.51,0.43,24.63,-0.27,-0.19,0.19,-0.23,-1,,0.11,,,,,,-0.1,,,0.04,,-0.548022599,0.04,0.2,-0.23,-0.02,-0.04,-0.01,0.43,0.11,0.24,0.01,,0.02
Legumes,L_Medicago,Drought,90.26939066,-123.5791944,32.72850713,26.16333798,226,-0.24,-0.03,-0.2,32.56,0.07,-0.21,-0.03,0.03,-0.03,0.01,0,0,0.02,0.04,-0.36,0.13,-0.01,-0.03,-0.02,0,-0.01,#DIV/0!,-0.03,0.16,0.12,0.01,0.16,0.03,-0.41,-0.12,-0.29,-0.03,,-0.01
Legumes,L_Medicago,Drought,90.26939066,-123.5791944,32.72850713,26.16333798,227,-0.52,-0.58,-0.54,,,-0.5,0.08,-0.17,0.02,0,-0.06,0.01,0.01,-0.14,-0.49,-0.33,-0.02,-0.02,0,-0.06,0.02,#DIV/0!,-0.26,0.25,0.02,0,-0.22,-0.04,0.17,0.05,0.2,0.03,0.66,-0.13
Legumes,L_Medicago,Drought,90.26939066,-123.5791944,32.72850713,26.16333798,228,-0.12,0.01,-0.07,63.31,0.38,-0.24,0.05,-0.11,0.03,0.04,-0.09,0.05,-0.08,-0.04,-0.12,0.26,-0.03,-0.04,0.02,-0.1,0.08,#DIV/0!,0.03,0.25,0.07,0.01,-0.08,-0.01,-0.1,-0.03,-0.01,0,0.49,0.02
Legumes,L_Medicago,Drought,90.26939066,-123.5791944,32.72850713,26.16333798,229,-0.26,0.08,-0.21,52.88,0.31,-0.39,0.15,-0.21,-0.04,0.05,-0.17,,-0.01,-0.12,-0.75,-0.18,0.18,,,0.02,0,#DIV/0!,-0.48,-0.15,0.05,0.01,0.03,0.01,-0.17,-0.05,-0.09,-0.01,,-0.25
Legumes,L_Medicago,Drought,90.26939066,-123.5791944,32.72850713,26.16333798,230,0.67,-0.29,0.42,29.36,0.02,-0.08,0.17,-0.12,-0.02,0.03,-0.1,0.01,-0.01,-0.09,-0.35,0,0.08,-0.01,0.01,-0.01,0.01,#DIV/0!,0.11,0.16,0.05,0,-0.07,-0.01,-0.06,-0.02,0,0,,0.06
Legumes,L_Trifoliu,Drought,90.30458049,-123.7594526,32.79987797,26.24118725,196,0.85,0.66,0.84,26.53,-0.27,-0.41,,,0,0.04,-0.04,-0.07,-0.02,0.03,-0.46,-0.33,0.06,-0.12,-0.18,0.03,0.06,-1,0.1,0.45,-0.09,-0.01,0.05,0.01,0.1,0.03,0.03,0,0.68,0.05
Legumes,L_Trifoliu,Drought,90.30458049,-123.7594526,32.79987797,26.24118725,197,-0.58,-0.4,-0.56,53.35,0.07,-0.39,,,-0.1,0.07,0.03,-0.11,-0.02,0.18,-0.87,-0.04,0.08,-0.14,-0.24,0.11,-0.03,-1,-0.61,-0.31,-0.07,-0.01,0.12,0.02,-0.02,0,-0.07,-0.01,0.81,-0.34
Legumes,L_Trifoliu,Drought,90.30458049,-123.7594526,32.79987797,26.24118725,198,0.14,0.27,0.18,23.12,-0.33,-0.32,,,-0.06,0.1,-0.05,-0.09,-0.01,-0.1,-0.89,-0.26,0.1,-0.07,-0.15,0.06,0.05,0.666666667,-0.16,0.12,-0.22,-0.02,-0.09,-0.02,0.48,0.16,0.3,0.04,,-0.07
Legumes,L_Trifoliu,Drought,90.30458049,-123.7594526,32.79987797,26.24118725,199,0.13,0.51,0.16,75.15,0.24,-0.47,,,0.01,0.09,-0.1,-0.06,-0.03,-0.11,-0.87,0,0.05,-0.13,-0.17,-0.05,0.11,-1,-0.35,0.12,-0.15,-0.01,-0.13,-0.02,0.39,0.13,0.26,0.03,,-0.17
Legumes,L_Trifoliu,Drought,90.30458049,-123.7594526,32.79987797,26.24118725,200,-0.07,0.29,0.06,13.13,-0.56,-0.28,,,-1,,-0.04,-0.06,-0.01,0.04,-0.89,-0.09,0.11,0.15,0.11,0.07,,-1,-0.35,-0.15,-0.2,-0.01,0.09,0.02,0.27,0.08,0.09,0.01,0.9,-0.18
Legumes,L_Vicia,Drought,90.30458006,-123.7594517,32.79987761,26.2411868,136,-0.59,-1,-0.66,66.88,0.32,-0.23,0.1,-0.1,-0.12,0.05,0.07,0,-0.02,-0.12,-0.51,0.04,-0.06,-0.12,-0.11,0.03,-0.06,#DIV/0!,-0.02,0.25,0.01,0,0.11,0.02,-0.32,-0.06,-0.18,-0.01,,0.02
Legumes,L_Vicia,Drought,90.30458006,-123.7594517,32.79987761,26.2411868,137,-0.15,-0.53,-0.28,15.73,-0.37,-0.21,0.07,0.02,-0.17,0.03,0.18,0,-0.01,-0.11,-0.79,0.21,-0.18,-0.07,-0.07,0.02,-0.13,#DIV/0!,-0.42,-0.18,-0.01,0,0.13,0.02,-0.32,-0.06,-0.2,-0.01,,-0.19
Legumes,L_Vicia,Drought,90.30458006,-123.7594517,32.79987761,26.2411868,138,0.21,0.31,0.24,27.93,-0.1,-0.32,-0.04,-0.15,-0.1,0.08,0.02,0.05,0,-0.1,-0.39,0.21,0.02,-0.14,-0.08,0.05,-0.01,#DIV/0!,-0.32,0.04,-0.02,0,0.18,0.03,-0.34,-0.06,-0.23,-0.02,,-0.13
Legumes,L_Vicia,Drought,90.30458006,-123.7594517,32.79987761,26.2411868,139,-0.16,-0.2,-0.17,17.02,-0.34,-0.11,0.1,-0.01,-0.08,0.06,0.02,0.02,-0.02,-0.03,-0.79,0.13,0,-0.06,-0.03,0.03,-0.01,#DIV/0!,0.01,0.16,0.03,0.01,0.09,0.02,-0.35,-0.06,-0.18,-0.01,,0.04
Legumes,L_Vicia,Drought,90.30458006,-123.7594517,32.79987761,26.2411868,140,0.68,0.13,0.56,41.44,0.09,-0.42,0.06,-0.14,0.05,-0.01,0.21,0.04,-0.02,-0.05,-0.39,0.27,-0.26,-0.11,-0.07,-0.04,0.04,#DIV/0!,-0.6,-0.2,-0.13,-0.01,0.11,0.02,-0.07,0,-0.06,0,,-0.3
