Units,PlantGroup,Specie,Tto,Sp,ST,Pot,PotN,pH,rootN,rootC,leafN,leafC,SoilN(g/Kg),SoilC(g/kg),WSA_001,Asin_sqrt_WSA001,sqrt_WSA,%WSA,log_shootmass,shootmass,LDMC,SLA,sqrt_root,rootmass,sqrt_R:S,log_R:S+3,sqrt_diameter,diameter,%fineRoots_RootSamp,RootVolume(cm3)_RootSamp,logRTD,RTD,SRL,logSRL3,sqrt_SRSA,SRSA,logSRSA+3,RDUO %WSA,RE 0 sqrt_TotRootB,RE 0 Leaves_C(g/kg),RE 0 Leaves_N(g/kg),RE 0 Roots_N(g/Kg),RE 0 Roots_C(g/Kg),CP1_Root_Traits,CP2_RootTraits,CP1_ROOT52,CP2
shoot mass (mg),Grasses,G_Anthoxanthum,Control,Anthoxanthum,Anthoxanthum_Control,1m,1,6.56,4.49,286.24,8.56,412.83,0.62,7.29,0.4,0.69,6.33,40.06,8.47,4783.1,219.95,265.93,64.88,4209.46,0.94,1.36,0.32,0.1,99.78,0.22,5.66,285.85,40.13,3.76,1.15,1.33,1.47,-2.44,-0.01,0.44,-0.78,-0.58,-0.85,3.06,-0.35,3.18,-0.63
diameter (mm),Grasses,G_Anthoxanthum,Control,Anthoxanthum,Anthoxanthum_Control,2m,2,6.7,3.91,303.22,7.37,409.82,0.66,7.08,0.76,1.06,8.72,76,8.43,4591.9,257.89,257.23,61.74,3812.18,0.91,1.34,0.35,0.13,99.81,0.33,5.54,253.85,32.22,3.56,1.12,1.26,1.45,4.91,-0.17,0.05,-0.86,-0.57,-0.73,2.78,-0.23,2.92,-0.52
SRSA(cm2/mg),Grasses,G_Anthoxanthum,Control,Anthoxanthum,Anthoxanthum_Control,3m,3,6.8,3.64,423.63,8.32,427.83,0.64,7.1,0.41,0.7,6.44,41.49,8.41,4501.7,241.55,433.8,85.44,7300.8,1.27,1.53,0.34,0.12,99.82,0.35,5.54,255.78,35.82,3.66,1.15,1.33,1.46,-2.24,1.05,1.33,-0.49,-0.78,0.22,3.15,-0.39,3.25,0.54
Roots_N(g/Kg),Grasses,G_Anthoxanthum,Control,Anthoxanthum,Anthoxanthum_Control,4m,4,6.68,9.53,600.67,11.98,397.09,0.73,8.04,0.62,0.9,7.86,61.76,8.37,4294.8,220.39,298.92,44.01,1936.567,0.67,1.24,0.37,0.14,99.87,0.22,5.49,242.2,27.42,3.42,1.09,1.19,1.43,1.98,-1.08,-0.51,0.88,1.62,1.62,1.91,2.02,1.77,3.53
Leaf_N(g/kg),Grasses,G_Anthoxanthum,Control,Anthoxanthum,Anthoxanthum_Control,5m,5,6.7,6.09,363.7,11.47,388.43,0.67,7.2,0.48,0.76,6.92,47.88,8.36,4285.4,232.83,271.66,58.8,3457.88,0.9,1.34,0.34,0.12,99.81,0.31,5.7,297.42,31.97,3.55,1.08,1.16,1.43,-0.83,-0.32,-1.3,1.26,0.31,-0.25,2.43,0.33,2.49,0.33
LDMC_(mg_g-1),Grasses,G_Anthoxanthum,Drought,Anthoxanthum,Anthoxanthum_Drought,6m,6,6.86,4.72,367.24,5.04,422.26,0.68,7.89,0.22,0.49,4.67,21.81,8.58,5299.2,254.66,207.45,52.58,2765,0.72,1.26,0.46,0.21,99.68,1.76,4.7,109.89,25.21,3.34,1.3,1.7,1.55,-3.4,-0.52,0.79,1.13,-0.61,-0.09,2.93,-0.18,3.03,0.34
SLA_(cm2_g-1),Grasses,G_Anthoxanthum,Drought,Anthoxanthum,Anthoxanthum_Drought,7m,7,6.76,4.04,438.71,4.62,357.71,0.7,7.3,0.78,1.09,8.86,78.47,8.22,3711.1,303.07,167.65,78.32,6133.887,1.29,1.54,0.44,0.2,99.82,0.74,4.84,126.69,26.55,3.39,1.27,1.62,1.53,8.19,0.66,-0.32,0.03,-0.74,1.14,3.2,-0.45,3.3,0.72
Leaves_C(g/kg),Grasses,G_Anthoxanthum,Drought,Anthoxanthum,Anthoxanthum_Drought,8m,8,6.8,4.24,280.94,3.69,283.06,0.65,7.27,0.33,0.61,5.71,32.65,8.34,4181.6,316.64,209.89,58.98,3478.067,0.91,1.34,0.4,0.16,99.88,0.37,5.3,199.45,24.68,3.32,1.12,1.25,1.45,-1.01,-0.23,-1.61,-1.5,-0.73,-1.54,2.6,-0.42,2.72,-0.89
,Grasses,G_Anthoxanthum,Drought,Anthoxanthum,Anthoxanthum_Drought,9m,9,6.63,20.06,366.82,5,414.42,0.7,7.77,0.34,0.62,5.82,33.92,8.34,4175.6,328.33,200.74,30.75,945.48,0.47,1.17,0.36,0.13,99.8,0.18,5.54,253.98,31.14,3.53,1.11,1.24,1.45,-0.8,-1.53,0.7,-0.25,1.46,-0.07,2.31,0.88,1.64,1.43
_,Grasses,G_Anthoxanthum,Drought,Anthoxanthum,Anthoxanthum_Drought,10m,10,6.8,13.8,405.02,5.01,401.24,0.69,8.13,0.21,0.47,4.56,20.81,8.37,4325.1,285.71,193.02,62.3,3881.78,0.95,1.36,0.35,0.12,99.86,0.26,5.52,250,33.06,3.59,1.14,1.29,1.46,-3.63,-0.08,0.44,0.58,0.63,0.56,2.7,0.39,2.42,1.09
,Herbs,H_Berteroa,Control,Berteroa,Berteroa_Control,11m,11,6.63,14.25,378.34,21.18,297.9,0.76,8.94,0.53,0.81,7.27,52.91,7.96,2863.7,138.2,284.52,27.4,750.667,0.51,1.18,0.54,0.29,99.7,0.13,5.83,342.06,4.52,2.02,0.64,0.41,1.23,2.65,-0.7,-0.33,-0.04,-0.67,-0.31,-0.92,0.67,-1.18,0.18
,Herbs,H_Berteroa,Control,Berteroa,Berteroa_Control,12m,12,6.98,18.32,361.25,10.22,202.29,0.65,7.57,0.28,0.56,5.29,28.02,8.65,5692.7,173.99,254.04,34.53,1192.287,0.46,1.17,0.51,0.26,99.53,0.19,6.14,464.21,3.92,1.93,0.57,0.33,1.2,-2.48,-0.33,-1.53,-1.42,0.79,-1.19,-1.36,0.57,-1.67,-0.04
,Herbs,H_Berteroa,Control,Berteroa,Berteroa_Control,13m,13,6.67,16.255,385.2,17.59,335.96,0.62,7.35,0.36,0.64,5.99,35.93,8.23,3757,169.49,203.13,26.85,721,0.44,1.16,0.5,0.25,99.35,0.2,6.03,415.69,5.02,2.08,0.62,0.39,1.22,-0.8,-0.73,0.11,-0.44,,,,,,
,Herbs,H_Berteroa,Control,Berteroa,Berteroa_Control,14m,14,6.64,13.41,407.88,28.92,394.99,0.61,7.1,0.26,0.54,5.1,26.01,7.99,2947.6,151.25,269.22,27.97,782.567,0.52,1.18,0.4,0.16,99.19,0.17,5.72,304.07,16.49,2.97,0.91,0.83,1.34,-2.92,-0.67,0.87,0.95,-1.04,1.13,0.85,0.8,0.64,1.3
,Herbs,H_Berteroa,Control,Berteroa,Berteroa_Control,15m,15,6.55,19.04,393.36,27.79,399.2,0.67,8.64,0.44,0.72,6.61,43.64,7.83,2524.6,150.43,256.23,27.5,756.28,0.55,1.19,0.73,0.53,100,0.25,5.91,367.73,1.22,1.44,0.45,0.2,1.16,0.84,-0.7,0.88,0.95,0.92,0.37,-2.54,0.34,-2.99,-0.27
,Herbs,H_Berteroa,Drought,Berteroa,Berteroa_Drought,16m,16,6.78,3.79,233.95,25.59,379.37,1.53,16.18,0.56,0.84,7.46,55.66,7.94,2820.1,139.3,317.05,30.79,947.767,0.58,1.2,0.45,0.2,99.4,0.15,5.81,334.87,9.58,2.53,0.77,0.6,1.28,5.79,-0.85,0.79,0.76,-1.17,-1.76,0.28,-0.21,0.5,-1.56
,Herbs,H_Berteroa,Drought,Berteroa,Berteroa_Drought,17m,17,7.03,20.16,424.64,24.85,328.9,1.34,15.38,0.3,0.58,5.45,29.73,7.79,2419.6,174.9,228.68,23.49,551.68,0.48,1.17,0.49,0.24,99.77,0.07,5.87,354.17,6.24,2.22,0.69,0.47,1.24,0.38,-1.29,-0.48,0.56,1.03,0.36,-0.61,1.19,-1.19,1.25
,Herbs,H_Berteroa,Drought,Berteroa,Berteroa_Drought,18m,18,6.64,16.09,457.39,24.31,384.26,0.68,7.29,0.27,0.54,5.18,26.86,7.65,2107.7,126.91,289.47,25.33,641.367,0.55,1.2,0.47,0.22,99.68,0.16,5.57,261.39,10.27,2.59,0.84,0.7,1.31,-0.28,-1.18,0.96,0.43,0.45,0.72,0.31,1.22,-0.12,1.74
,Herbs,H_Berteroa,Drought,Berteroa,Berteroa_Drought,19m,19,6.78,17.81,428.17,12.46,288.26,0.5,6.32,0.2,0.46,4.44,19.67,7.94,2794.9,195.18,184.53,29.09,846.473,0.55,1.19,0.49,0.24,99.41,0.13,6.25,518.66,4.14,1.97,0.56,0.32,1.2,-1.9,-0.95,-1.48,-1.71,0.66,0.4,-1.6,1.11,-1.9,0.9
,Herbs,H_Berteroa,Drought,Berteroa,Berteroa_Drought,20m,20,6.67,5.43,418,21.44,355.5,1.26,14.04,0.2,0.47,4.52,20.39,8.14,3436.8,209.68,158.97,25.73,662.267,0.44,1.16,0.48,0.23,99.79,0.14,5.98,397.2,6.03,2.2,0.66,0.44,1.23,-1.9,-1.16,0.2,-0.03,-0.97,0.28,-0.74,1.21,-0.67,0.56
,Herbs,H_Daucus,Control,Daucus,Daucus_Control,21m,21,7.16,5.43,440.9,14.64,380.73,0.73,7.52,0.52,0.8,7.18,51.6,7.51,1819.5,190.17,190.18,50.14,2513.573,1.18,1.48,0.39,0.15,99.44,0.22,5.84,343.12,16.18,2.95,0.88,0.77,1.33,2.03,0.47,-0.1,0.6,-0.42,0.18,0.87,0.79,1.09,0.96
,Herbs,H_Daucus,Control,Daucus,Daucus_Control,22m,22,6.7,4.95,380.21,8.36,307.74,0.51,6.57,0.77,1.08,8.8,77.37,8.62,5565.8,171.8,215.68,40.6,1648.287,0.54,1.19,0.38,0.15,99.62,0.26,5.42,225.95,26.19,3.37,1.1,1.21,1.44,7.15,-0.02,-1.7,-1.4,0.19,-1.46,2.16,0.57,2.25,0.73
,Herbs,H_Daucus,Control,Daucus,Daucus_Control,23m,23,6.95,4.9,462.01,14.27,417.77,1.4,19.48,0.37,0.66,6.11,37.35,8.15,3450.6,153.88,218.72,52.61,2767.473,0.9,1.34,0.4,0.16,99.42,0.4,5.72,306.22,16.52,2.97,0.91,0.82,1.34,-1,0.6,0.65,0.74,-0.96,0.71,1.03,0.76,1.27,1.16
,Herbs,H_Daucus,Control,Daucus,Daucus_Control,24m,24,6.77,6.13,455.2,11.8,416.39,,,0.47,0.75,6.83,46.61,8.31,4076.9,179.98,189.86,63.03,3972.467,0.99,1.38,0.41,0.17,99.73,0.12,5.53,251.64,17.53,3.02,0.97,0.93,1.37,1.03,1.14,0.69,-0.72,1.18,0.57,1.54,0.48,1.66,0.97
,Herbs,H_Daucus,Control,Daucus,Daucus_Control,25m,25,6.71,5.3525,434.58,14.58,408.36,0.7,8.3,0.26,0.54,5.13,26.3,8.29,4003.5,187.23,219.34,61.94,3837.1,0.98,1.38,0.45,0.2,98.58,0.79,6.72,827.7,2.24,1.66,0.43,0.18,1.16,-3.31,1.08,0.46,0.78,,,,,,
,Herbs,H_Daucus,Drought,Daucus,Daucus_Drought,26m,26,6.7,5.45,498.24,10.21,396.01,1.21,14.18,0.17,0.43,4.17,17.38,7.05,1149.8,198.7,173.94,58.33,3402.88,1.72,1.78,0.41,0.17,99.71,0.2,5.61,274.51,16.61,2.98,0.93,0.87,1.35,-2.99,0.82,0.47,0.06,-0.44,0.63,1.24,0.92,1.4,1.52
,Herbs,H_Daucus,Drought,Daucus,Daucus_Drought,27m,27,7.1,5.58,459.08,8.62,306.69,0.55,7.26,0.08,0.28,2.81,7.88,7.1,1217.7,174.64,213.95,56.98,3246.667,1.63,1.73,0.43,0.18,99.65,0.09,5.75,314.61,11.95,2.7,0.83,0.69,1.31,-5.39,0.73,-1.68,-1,-0.54,-0.05,0.63,0.71,0.82,0.86
,Herbs,H_Daucus,Drought,Daucus,Daucus_Drought,28m,28,6.57,5.89,499.25,10.49,371.03,0.58,6.98,0.19,0.45,4.36,19.05,7.92,2741.7,210.17,160.13,57.23,3274.873,1.09,1.43,0.45,0.2,99.58,0.14,5.79,328.15,9.79,2.55,0.78,0.61,1.28,-2.5,0.75,-0.1,-0.13,-0.38,0.66,0.22,0.88,0.44,1.23
,Herbs,H_Daucus,Drought,Daucus,Daucus_Drought,29m,29,6.86,6.05,488.32,10.04,394.41,0.51,6.54,0.28,0.56,5.28,27.91,7.46,1728.5,213.99,174.59,58.08,3373.08,1.4,1.6,0.46,0.21,99.88,0.16,5.63,277.44,10.14,2.58,0.82,0.68,1.3,-0.43,0.8,0.49,-0.56,-0.43,0.48,0.53,0.87,0.66,1.1
,Herbs,H_Daucus,Drought,Daucus,Daucus_Drought,30m,30,6.97,8.22,363.73,13.55,409.96,0.6,7.67,0.49,0.77,6.96,48.5,7.42,1662.3,196.02,165.09,60.2,3624.473,1.48,1.64,0.46,0.21,99.88,0.2,5.56,259.7,11.18,2.65,0.86,0.73,1.32,3.98,0.93,0.83,1.63,1.78,-1.71,0.96,0.04,0.98,-0.31
,Grasses,G_F.brevipila,Control,F.brevipila,F.brevipila_Control,31m,31,6.87,5.75,432.07,10.55,447.57,0.6,7.12,0.88,1.21,9.37,87.77,8.66,5772.3,290.85,227.6,57.13,3264.3,0.75,1.27,0.58,0.34,98.94,2.29,4.83,125.77,8.81,2.47,0.97,0.94,1.37,9.09,-0.41,0.35,-0.4,-1.43,0.65,0.65,-0.63,0.99,0.23
,Grasses,G_F.brevipila,Control,F.brevipila,F.brevipila_Control,32m,32,6.92,7.31,381.37,9.49,438.45,,,,,,,8.4,4433,323.05,146.34,62.66,3926.7,0.94,1.36,0.49,0.24,99.53,0.84,5.43,228.38,9.7,2.54,0.85,0.73,1.32,,-0.12,-0.82,-0.4,0.89,-0.77,0.77,-0.29,0.92,-0.28
,Grasses,G_F.brevipila,Control,F.brevipila,F.brevipila_Control,33m,33,6.93,7.03,375.15,17.45,458.4,0.69,8.85,0.22,0.48,4.64,21.56,8.49,4873.3,273.81,111,53.81,2895.4,0.77,1.28,0.46,0.21,99.4,1.23,6.16,471.96,6.13,2.21,0.64,0.4,1.22,-4.73,-0.58,1.24,1.49,0.39,-0.93,-0.71,0.29,-0.45,-0.42
,Grasses,G_F.brevipila,Control,F.brevipila,F.brevipila_Control,35m,35,6.96,6.93,447.51,8.87,437.45,0.57,7.01,0.54,0.82,7.33,53.75,8.56,5220.5,256.16,269.15,50.15,2514.7,0.69,1.25,0.47,0.22,99.57,1.17,5.05,155.66,16.27,2.96,1.07,1.15,1.42,1.87,-0.77,-0.78,-0.69,0.15,1.05,1.66,0.4,1.73,1.1
,Grasses,G_F.brevipila,Drought,F.brevipila,F.brevipila_Drought,36m,36,6.76,6.69,373.83,9.72,448.12,0.59,7.9,0.27,0.55,5.24,27.42,8.35,4238.1,397.41,122.05,52.46,2752.3,0.81,1.29,0.48,0.23,99.54,0.81,5.2,181.47,12.8,2.76,0.97,0.94,1.37,-0.89,-0.53,0.18,-0.49,-0.61,-0.43,1.27,-0.1,1.39,-0.02
,Grasses,G_F.brevipila,Drought,F.brevipila,F.brevipila_Drought,37m,37,6.9,7.01,354.41,8.34,445.73,0.61,6.96,0.32,0.6,5.63,31.74,8.22,3706.4,369.68,73.47,41.29,1704.573,0.68,1.24,0.47,0.22,99.54,0.56,5.07,158.69,16.03,2.95,1.06,1.13,1.42,0.2,-1.04,0.01,-0.72,-0.58,-0.88,1.67,0.04,1.7,0.13
,Grasses,G_F.brevipila,Drought,F.brevipila,F.brevipila_Drought,38m,38,6.45,11.88,360.35,14.23,432.84,0.65,7.43,0.23,0.5,4.8,23.06,7.77,2379.3,337.78,154.39,24.31,590.967,0.5,1.18,0.44,0.19,99.59,0.34,5.26,191.79,17.66,3.03,1.04,1.08,1.41,-1.79,-1.82,-1.55,0.02,1.5,-0.73,1.56,0.54,1.26,0.79
,Grasses,G_F.brevipila,Drought,F.brevipila,F.brevipila_Drought,39m,39,6.39,6.7,451.6,27.39,453.7,0.59,6.66,0.28,0.56,5.27,27.81,7.43,1685.4,296.65,196.65,16.23,263.48,0.4,1.15,0.46,0.21,99.55,0.06,5.13,169.09,17.29,3.01,1.06,1.13,1.42,-0.67,-2.19,1.21,1.72,-0.86,1.48,1.44,1.05,1.29,1.84
,Grasses,G_F.brevipila,Drought,F.brevipila,F.brevipila_Drought,40m,40,6.36,9.54,414.35,9.79,446.84,0.7,8.05,0.15,0.4,3.88,15.02,8.23,3757.9,341.18,150.22,55.15,3041.28,0.9,1.34,0.48,0.23,99.48,0.62,5.31,201.92,12.27,2.73,0.93,0.87,1.35,-3.71,-0.4,0.14,-0.53,0.54,0.56,1.07,0.09,1.11,0.5
,Herbs,H_Achillea,Control,Achillea,Achillea_Control,41m,41,6.5,11.28,409.31,11.1,360.77,0.61,7.5,0.49,0.77,6.99,48.84,7.74,2290,199.14,148.33,54.67,2989.18,1.14,1.46,0.48,0.23,99.67,0.26,5.74,310.23,7.94,2.39,0.75,0.57,1.27,-0.01,0.71,0.33,-0.9,0.3,-0.4,0.11,0.37,0.08,0.26
,Herbs,H_Achillea,Control,Achillea,Achillea_Control,42m,42,6.49,10.62,417.32,15.88,367.98,0.59,7.02,0.7,0.99,8.36,69.88,7.7,2209.5,196.32,134.72,16.66,277.7,0.35,1.14,0.58,0.34,99.94,0.28,6.14,462.72,2.38,1.68,0.5,0.26,1.18,4.24,-1.26,0.44,0.55,,,,,,
,Herbs,H_Achillea,Control,Achillea,Achillea_Control,43m,43,6.47,10.08,445.91,19.92,399.93,0.71,8.68,0.57,0.85,7.54,56.88,7.87,2624.1,154.88,147.05,25.42,646.1,0.5,1.18,0.46,0.21,99.67,0.19,6.14,465.46,6.3,2.23,0.64,0.41,1.23,1.59,-0.8,1.24,1.47,-0.11,1.41,-0.95,1.46,-1.04,1.12
,Herbs,H_Achillea,Control,Achillea,Achillea_Control,44m,44,6.29,13.21,413.76,12.24,314.5,0.64,6.9,0.47,0.76,6.89,47.43,7.64,2086.8,183,130.39,25.82,666.58,0.57,1.2,0.5,0.25,99.79,0.09,6.15,469.56,4.32,1.99,0.58,0.34,1.21,-0.41,-0.78,-0.76,-0.78,1.11,-0.13,-1.34,1.23,-1.56,0.63
,Herbs,H_Achillea,Control,Achillea,Achillea_Control,45m,45,6.51,7.93,400.32,12.84,297.29,0.69,7.82,0.43,0.71,6.53,42.64,7.87,2620.4,425.35,128.44,30.72,943.787,0.6,1.21,0.48,0.23,99.71,0.16,6.16,475.64,4.92,2.07,0.6,0.36,1.21,-1.22,-0.53,-1.25,-0.34,-1.29,-0.89,-1.17,1.08,-1.11,0.25
,Herbs,H_Achillea,Drought,Achillea,Achillea_Drought,46m,46,6.45,6.53,448.18,20.39,481.27,0.69,7.94,0.28,0.56,5.27,27.79,7.94,2805.9,244.09,116.9,44.9,2015.58,0.85,1.31,0.56,0.32,99.69,0.4,5.68,293.67,4.38,2,0.66,0.43,1.23,-1.78,0,1.32,1.4,-0.12,0.86,-0.82,0.61,-0.65,0.35
,Herbs,H_Achillea,Drought,Achillea,Achillea_Drought,47m,47,6.61,5.67,402.33,9.74,368.02,0.63,6.93,0.29,0.57,5.37,28.8,7.28,1453.7,219.68,106.69,45.76,2094.08,1.2,1.49,0.48,0.23,99.8,0.17,6.01,408.38,6.08,2.21,0.66,0.43,1.23,-1.56,0.05,-1.25,-1.4,-0.97,-0.94,-0.58,0.79,-0.39,0
,Herbs,H_Achillea,Drought,Achillea,Achillea_Drought,48m,48,6.43,6.56,404.49,15,449.98,0.66,8.05,0.52,0.81,7.24,52.47,7.72,2252.8,561.4,87.18,62.33,3885.2,1.31,1.55,0.54,0.29,99.8,0.4,5.63,279.4,5.33,2.12,0.7,0.49,1.25,3.18,1.06,0.64,-0.13,-0.39,-0.84,-0.22,-0.03,-0.04,-0.39
,Herbs,H_Achillea,Drought,Achillea,Achillea_Drought,49m,49,6.56,6.99,417.01,16.77,398.97,0.72,8.42,0.35,0.63,5.89,34.73,7.48,1765.1,198.3,145.57,44.1,1944.8,1.05,1.41,0.56,0.31,99.86,0.27,5.52,250.75,5.29,2.12,0.72,0.52,1.26,-0.29,-0.05,-0.5,0.23,-0.21,-0.33,-0.38,0.5,-0.29,0.1
,Herbs,H_Achillea,Drought,Achillea,Achillea_Drought,50m,50,6.32,9.09,457.47,14.9,413.45,0.68,7.83,0.23,0.5,4.77,22.73,7.81,2472.9,634.58,116.82,58.85,3463.38,1.18,1.48,0.55,0.3,99.83,0.49,5.77,320.37,4.31,1.99,0.64,0.41,1.23,-2.88,0.85,-0.21,-0.09,1.69,1.25,-0.72,0.44,-0.64,0.3
,Herbs,H_Potentilla,Control,Potentilla,Potentilla_Control,61m,61,6.5,10.29,329.73,15.56,465.14,0.71,8.35,0.28,0.55,5.27,27.73,8.1,3308.4,282.87,146.2,27.06,732.38,0.47,1.17,0.62,0.39,99.97,0.16,6.5,664.74,1.28,1.45,0.39,0.16,1.15,-1.81,-0.72,0.01,-0.4,-0.27,-1.69,-2.94,0.69,-2.96,-1.13
,Herbs,H_Potentilla,Control,Potentilla,Potentilla_Control,62m,62,6.97,12.2,478.53,11.38,357.95,0.63,7.36,0.48,0.77,6.94,48.1,7.93,2790.5,385.62,94.41,23.82,567.613,0.45,1.16,0.43,0.18,99.72,0.26,5.86,349.81,10.65,2.61,0.79,0.62,1.29,2.34,-0.89,-1.6,-0.91,1.06,0.64,0.04,1.62,-0.23,1.92
,Herbs,H_Potentilla,Control,Potentilla,Potentilla_Control,63m,63,6.71,11.92,489.56,18.74,477.86,0.69,8.32,0.25,0.52,5,25,8.86,7066.9,388.15,106.69,39.32,1545.98,0.47,1.17,0.51,0.26,99.91,0.12,6.65,772.88,2.36,1.68,0.44,0.2,1.16,-2.47,-0.09,0.17,0.23,0.81,0.82,-2.77,1.87,-2.76,0.98
,Herbs,H_Potentilla,Control,Potentilla,Potentilla_Control,64m,64,6.77,8.42,438.62,28.66,481.62,0.64,7.14,0.26,0.53,5.1,25.98,7.71,2221.3,301.67,122.47,22.98,528.267,0.49,1.17,0.47,0.23,99.78,0.04,6.75,857.14,2.95,1.78,0.46,0.21,1.17,-2.25,-0.93,0.27,1.63,-1.45,0.04,-2.84,1.96,-2.77,0.67
,Herbs,H_Potentilla,Control,Potentilla,Potentilla_Control,65m,65,6.96,10.22,449.45,14.07,545.16,0.65,7.56,0.28,0.56,5.31,28.24,8.16,3482.7,399.09,82.65,35.34,1248.88,0.6,1.21,0.54,0.3,99.71,0.15,6.55,697.3,2.09,1.63,0.44,0.19,1.16,-1.81,-0.29,1.16,-0.56,-0.15,0.19,-2.71,1.4,-2.63,0.43
,Herbs,H_Potentilla,Drought,Potentilla,Potentilla_Drought,66m,66,6.61,14.18,532.54,13.24,454.59,0.64,8.05,0.2,0.47,4.51,20.35,8.53,5055.5,374.16,78.67,43.6,1901,0.61,1.22,0.5,0.25,99.7,0.38,6.23,505.56,4.08,1.96,0.56,0.32,1.2,-1.29,-0.08,-0.43,-0.37,1.34,0.89,-1.57,1.62,-1.68,1.74
,Herbs,H_Potentilla,Drought,Potentilla,Potentilla_Drought,67m,67,6.53,9.75,521.08,14.13,467.57,0.64,6.79,0.49,0.77,6.97,48.52,7.56,1925.6,438,83.22,22.73,516.507,0.52,1.18,0.52,0.27,99.99,0.07,6.09,442.25,3.95,1.94,0.58,0.34,1.2,5.04,-1.34,0.49,-0.14,-0.46,0.78,-1.51,1.94,-1.66,1.8
,Herbs,H_Potentilla,Drought,Potentilla,Potentilla_Drought,68m,68,6.4,9.25,429.19,13.8,482.72,0.65,7.19,0.43,0.71,6.54,42.81,7.64,2069.8,403.53,80.9,16.13,260.18,0.35,1.14,0.66,0.43,100,0.03,6.42,612.12,1.12,1.42,0.39,0.15,1.15,3.8,-1.74,1.52,-0.4,-0.7,-0.15,-3.16,1.25,-3.26,0.15
,Herbs,H_Potentilla,Drought,Potentilla,Potentilla_Drought,69m,69,6.95,13.29,453.67,13.26,446.56,0.61,6.75,0.22,0.49,4.69,21.97,7.68,2159.2,401.25,81.63,33.36,1113.08,0.72,1.26,0.52,0.28,99.8,0.14,6.29,541.38,3.12,1.81,0.52,0.27,1.18,-0.81,-0.7,-0.79,-0.82,0.77,0.1,-1.9,1.38,-2.04,0.81
,Herbs,H_Potentilla,Drought,Potentilla,Potentilla_Drought,70m,70,6.93,8.46,286.48,18.11,448.08,0.69,7.53,0.18,0.44,4.24,17.98,8.56,5224,413.71,69.77,39.66,1572.78,0.55,1.19,0.5,0.25,99.46,0.17,6.18,483.83,4.3,1.99,0.58,0.33,1.2,-1.78,-0.32,-0.79,1.73,-0.95,-1.61,-1.16,0.05,-1.01,-1.36
,Herbs,H_Plantago,Control,Plantago,Plantago_Control,71m,71,6.83,8.68,315.42,9.46,404.24,0.66,7.13,0.25,0.52,4.98,24.79,8.31,4080.3,154.41,194.61,60.59,3671.7,0.95,1.36,0.53,0.28,99.73,0.91,5.28,195.72,8.12,2.41,0.85,0.72,1.31,-5.65,1.01,1.16,-0.21,1.27,-0.76,0.72,-0.66,0.77,-1.13
,Herbs,H_Plantago,Control,Plantago,Plantago_Control,72m,72,6.92,6.7,371.01,14.18,399.58,0.62,7.09,0.77,1.08,8.8,77.4,8.3,4023.9,150.8,231.95,46.84,2194.1,0.74,1.27,0.5,0.25,99.74,0.89,5.11,164.98,12.56,2.74,0.99,0.98,1.38,5.02,0.3,0.93,1.45,0.27,0.8,1.29,0.09,1.34,0.03
,Herbs,H_Plantago,Control,Plantago,Plantago_Control,73m(1),73,6.89,6.8,342.25,5.45,340.26,0.66,7.24,0.58,0.87,7.62,58.09,9.19,9782.3,202.06,130.05,76.26,5815.53,0.77,1.28,0.48,0.23,99.71,0.57,6.16,475,2.29,1.67,0.5,0.25,1.18,1.06,1.82,-0.91,-1.16,,,,,,
,Herbs,H_Plantago,Control,Plantago,Plantago_Control,74m,74,6.82,6.6,307.91,8.91,335.9,0.62,7.24,0.33,0.61,5.71,32.66,8.26,3869.9,141.15,209.43,57.59,3316.2,0.93,1.35,0.52,0.27,99.74,1.45,5.13,169.06,10.61,2.61,0.94,0.89,1.36,-3.97,0.86,-0.93,-0.55,-0.51,-0.96,1.21,-0.61,1.32,-1.06
,Herbs,H_Plantago,Control,Plantago,Plantago_Control,75m,75,6.78,5.22,374.67,11.27,360.57,0.63,6.93,0.83,1.14,9.1,82.77,8.28,3934.2,179.37,163.25,44.16,1950.08,0.7,1.25,0.52,0.28,99.69,1.5,5.1,163.33,10.28,2.59,0.94,0.89,1.36,6.37,0.16,-0.25,0.46,-1.03,0.92,0.91,0.07,1.05,-0.07
,Herbs,H_Plantago,Drought,Plantago,Plantago_Drought,76m,76,6.76,6.25,335.3,9.21,410.68,0.64,7.77,0.34,0.62,5.84,34.15,8.37,4310.2,235.13,92.5,78.74,6200.08,1.2,1.49,0.58,0.34,99.69,1.69,5.19,180,6.06,2.2,0.81,0.65,1.29,-1.2,2.05,0.87,-0.2,-0.21,-1.1,0.53,-1.4,0.7,-1.56
,Herbs,H_Plantago,Drought,Plantago,Plantago_Drought,77m,77,6.71,4.68,376.84,16.54,413.44,0.64,6.83,0.68,0.97,8.26,68.15,7.88,2645.8,187,80.94,72,5183.58,1.4,1.6,0.54,0.29,99.75,2.02,4.94,139.53,11.12,2.65,1,1,1.39,5.69,1.64,0.93,1.61,-0.77,0.3,1.5,-0.8,1.67,-0.57
,Herbs,H_Plantago,Drought,Plantago,Plantago_Drought,78m,78,6.5,7.49,400.42,8.68,243.97,0.63,6.79,0.28,0.56,5.28,27.88,7.86,2599.3,151.26,229.34,48.71,2372.613,0.96,1.36,0.51,0.26,99.79,0.74,5.28,196.76,9.42,2.52,0.88,0.78,1.33,-2.47,0.23,-1.51,-0.5,0.07,1.09,0.69,0.28,0.74,0.19
,Herbs,H_Plantago,Drought,Plantago,Plantago_Drought,79m,79,6.79,5.08,388.38,6.92,325.68,0.65,7.14,0.39,0.67,6.24,38.9,8.06,3167.9,183.47,213.12,72.56,5264.693,1.29,1.54,0.54,0.29,99.82,1.56,4.83,125.32,12.37,2.73,1.05,1.11,1.41,-0.17,1.68,-0.32,-1.05,-0.76,0.71,1.75,-0.73,1.88,-0.35
,Herbs,H_Plantago,Drought,Plantago,Plantago_Drought,80m,80,6.57,12.43,337.68,10.88,350.76,0.69,11.36,0.26,0.54,5.11,26.09,8.32,4089.7,179.6,228.06,64.46,4154.567,1.01,1.39,0.61,0.37,99.72,1.25,4.9,133.78,7.03,2.31,0.9,0.81,1.34,-2.91,1.19,0.02,0.14,1.67,-1,0.66,-0.99,0.55,-0.97
,Herbs,H_Hieracium,Control,Hieracium,Hieracium_Control,81m,81,6.4,13.37,411.9,23.61,408.46,0.61,6.52,0.68,0.96,8.22,67.53,8.03,3066.2,44.98,159.95,23.03,530.533,0.42,1.15,0.52,0.27,99.79,0.32,5.58,264.44,6.53,2.25,0.75,0.56,1.27,5.04,-0.93,-1.1,0.01,0.56,1.29,-0.28,0.91,-0.61,0.84
,Herbs,H_Hieracium,Control,Hieracium,Hieracium_Control,82m,82,6.58,11.98,333.615,19.42,449.84,0.64,7.68,0.16,0.41,4,16.02,8.65,5723.6,91.04,240.92,19.97,398.98,0.26,1.12,0.57,0.32,99.96,0.1,5.94,381.55,3.21,1.83,0.57,0.33,1.2,-5.79,-1.09,-0.42,-0.65,,,,,,
,Herbs,H_Hieracium,Control,Hieracium,Hieracium_Control,83m,83,6.38,14.1,299.9,30.91,535.27,0.61,6.81,0.5,0.79,7.1,50.42,8.02,3026.4,115.05,264.06,10.82,117.04,0.2,1.11,0.52,0.27,99.99,0.06,5.65,284.13,6.19,2.22,0.72,0.52,1.26,1.41,-1.56,1.1,1.71,1.06,-0.57,-0.23,0.51,-0.76,-0.28
,Herbs,H_Hieracium,Control,Hieracium,Hieracium_Control,84m,84,6.47,9.76,273.36,22.56,527.15,0.62,7.49,,,,,8.38,4364.3,66.43,334.72,35.96,1292.9,0.54,1.19,0.53,0.28,99.8,0.39,5.77,320.21,5.23,2.11,0.67,0.45,1.24,,-0.26,1.02,-0.34,-1.16,-0.97,-0.43,-0.04,-0.48,-1.34
,Herbs,H_Hieracium,Control,Hieracium,Hieracium_Control,85m,85,6.66,10.69,349.3,19.6,437.88,0.67,7.18,0.22,0.49,4.67,21.83,8.23,3746.2,176.12,185.41,22.96,527.3,0.38,1.14,0.5,0.25,99.84,0.18,5.74,309.94,6.79,2.28,0.72,0.52,1.26,-4.41,-0.93,-0.6,-0.73,-0.47,0.25,-0.24,0.7,-0.46,0.02
,Herbs,H_Hieracium,Drought,Hieracium,Hieracium_Drought,86m,86,6.58,8.55,411.74,12.64,414.33,0.66,8.07,0.39,0.68,6.28,39.47,7.79,2426.8,213.3,116,37.95,1440.38,0.77,1.28,0.56,0.31,99.83,0.56,5.43,228.01,5.82,2.18,0.75,0.57,1.27,1.71,-0.42,0.14,0.06,1.04,1.33,-0.24,0.54,-0.26,0.26
,Herbs,H_Hieracium,Drought,Hieracium,Hieracium_Drought,87m,87,6.47,6.05,371.85,10.97,388.68,0.73,7.8,0.24,0.51,4.87,23.68,8.12,3353.4,137.99,214.29,34.62,1198.347,0.6,1.21,0.53,0.28,99.83,0.43,5.32,204.83,7.8,2.38,0.83,0.69,1.31,-1.53,-0.62,-0.36,-0.85,-0.9,-0.63,0.3,0.4,0.34,-0.06
,Herbs,H_Hieracium,Drought,Hieracium,Hieracium_Drought,88m,88,6.65,8.4,387.73,16.68,471.63,0.56,6.87,0.31,0.59,5.59,31.23,8,2979.1,186.29,188.59,25.16,632.88,0.46,1.17,0.5,0.26,99.87,0.25,5.25,191.46,10.22,2.58,0.91,0.82,1.34,0.02,-1.19,1.35,1.55,0.67,0.18,0.69,0.71,0.52,0.58
,Herbs,H_Hieracium,Drought,Hieracium,Hieracium_Drought,89m,89,6.6,6.51,366.08,13.85,417.68,0.68,7.65,0.15,0.4,3.85,14.84,8.11,3313.2,122.14,117.71,24.48,599.4,0.43,1.16,0.53,0.28,99.86,0.48,5.32,204.82,8.08,2.41,0.84,0.7,1.31,-3.68,-1.23,0.26,0.15,-0.81,-0.88,0.3,0.55,0.23,0.11
,Herbs,H_Hieracium,Drought,Hieracium,Hieracium_Drought,90m,90,6.58,7.37,384.35,10.82,338.16,0.64,7.17,0.63,0.92,7.95,63.27,7.94,2804.9,159.64,163.8,19.7,388,0.37,1.14,0.51,0.26,99.76,0.52,5.39,219.5,8.71,2.46,0.84,0.71,1.31,6.59,-1.52,-1.4,-0.91,,,,,,
,Herbs,H_Artemisia,Control,Artemisia,Artemisia_Control,91m,91,6.52,13.23,404.44,22.26,319.88,0.69,8.48,0.43,0.71,6.54,42.74,7.71,2228.8,145.14,153.9,39.01,1521.673,0.83,1.3,0.8,0.64,92.33,0.16,6.35,572.67,0.54,1.26,0.33,0.11,1.13,-1.23,-0.1,-0.66,0.45,1.48,0.59,-5.5,-4.63,-3.77,-0.93
,Herbs,H_Artemisia,Control,Artemisia,Artemisia_Control,92m,92,6.96,6.97,344.48,16.93,377.45,0.68,8.6,0.48,0.77,6.96,48.48,7.83,2514.9,112.66,152.36,45,2025.3,0.9,1.34,0.51,0.26,99.64,0.61,5.84,343.44,5.59,2.15,0.67,0.45,1.24,-0.22,0.21,0.24,-0.8,-0.53,-1.14,-0.47,0.18,-0.31,-0.71
,Herbs,H_Artemisia,Control,Artemisia,Artemisia_Control,93m,93,6.9,6.85,414.88,22.93,408.45,0.6,7.8,0.52,0.8,7.19,51.69,7.79,2421.9,160.42,156.42,38.11,1452.58,0.77,1.28,0.46,0.21,99.68,0.48,5.33,206.65,13.62,2.81,0.95,0.91,1.36,0.58,-0.15,0.77,0.86,-0.64,0.86,1.1,0.68,1.12,0.81
,Herbs,H_Artemisia,Control,Artemisia,Artemisia_Control,94m,94,6.79,11.04,408.81,16.84,275.35,0.53,6.62,0.56,0.84,7.48,55.93,7.52,1836.6,177.78,134.62,34.03,1157.873,0.79,1.29,0.74,0.55,97.15,0.2,6.11,449.02,0.93,1.37,0.4,0.16,1.15,1.38,-0.36,-1.37,-1.32,0.57,0.73,-3.61,-1.41,-2.98,-0.6
,Herbs,H_Artemisia,Control,Artemisia,Artemisia_Control,95m,95,6.5,6.29,347.42,22.95,422.75,0.63,7.66,0.66,0.95,8.14,66.29,8.19,3597.8,143.18,147.92,35.95,1292.213,0.6,1.21,0.66,0.44,99.6,0.34,5.56,260.71,2.49,1.7,0.59,0.35,1.21,3.4,-0.26,1.02,0.81,-0.88,-1.04,-1.46,-0.24,-1.28,-1.11
,Herbs,H_Artemisia,Drought,Artemisia,Artemisia_Drought,96m,96,6.81,8.27,419.47,15.69,397.94,0.61,7.06,0.28,0.55,5.26,27.63,7.29,1458.5,178.31,137.28,40.34,1627.38,1.06,1.41,0.73,0.54,100,0.38,5.81,334.21,1.31,1.46,0.47,0.22,1.17,-1.79,-0.27,0.47,-0.61,-0.17,0.23,-2.36,0.21,-2.28,-0.6
,Herbs,H_Artemisia,Drought,Artemisia,Artemisia_Drought,97m,97,6.67,7.28,416.11,22.28,363.75,0.64,7.95,0.26,0.54,5.1,26.02,6.98,1073.4,125.15,177.61,34.53,1192.28,1.05,1.41,0.56,0.31,99.8,0.48,5.63,278.91,4.77,2.05,0.68,0.46,1.24,-2.22,-0.63,-0.74,1.06,-0.46,-0.02,-0.68,0.69,-0.64,0.24
,Herbs,H_Artemisia,Drought,Artemisia,Artemisia_Drought,98m,98,6.79,7.21,397.85,15.92,400.61,0.64,7.54,0.3,0.58,5.44,29.64,7.21,1358.1,176.91,141.09,45.44,2065.173,1.23,1.51,0.58,0.33,99.52,0.41,5.96,389.02,2.93,1.78,0.55,0.31,1.2,-1.36,0.04,0.62,-0.72,-0.51,-1.61,-1.49,0.27,-1.26,-0.43
,Herbs,H_Artemisia,Drought,Artemisia,Artemisia_Drought,99m,99,6.64,17.21,427.85,23.07,409.99,0.59,6.31,,,,,7.51,1818.4,105.05,158.87,24.81,615.567,0.58,1.21,0.75,0.56,96.62,0.08,5.96,386.08,1.03,1.39,0.43,0.18,1.16,,-1.21,1,1.12,1.76,1.09,-3.62,-1.61,-3.22,0.04
,Herbs,H_Artemisia,Drought,Artemisia,Artemisia_Drought,100m(1),100,6.88,6.55,419.94,15.2,346.92,0.66,7.23,0.48,0.76,6.89,47.51,7.06,1169.1,145.16,142.52,58.56,3429.5,1.71,1.78,0.51,0.27,99.82,0.38,6.14,462.13,4.1,1.96,0.58,0.33,1.2,2.36,0.83,-1.35,-0.85,-0.62,0.32,-1.1,0.52,-0.88,-0.23
,Grasses,G_Holcus,Control,Holcus,Holcus_Control,101m,101,7.02,4.72,335.64,6.8,429.03,0.67,7.53,0.31,0.59,5.58,31.18,8.86,7022.9,171.15,354.81,93.29,8702.78,1.11,1.44,0.48,0.23,99.19,1.46,5.05,155.92,15,2.89,1.05,1.1,1.41,-2.57,1.45,0.86,-0.66,0.54,-1.19,2.28,-2.13,2.48,-1.24
,Grasses,G_Holcus,Control,Holcus,Holcus_Control,102m,102,6.82,4.27,351.79,6.16,417.53,0.65,7.14,0.3,0.58,5.51,30.37,8.71,6056.1,181.21,256.44,81.47,6636.78,1.05,1.41,0.53,0.28,99.22,1.13,4.64,103.8,15.61,2.92,1.17,1.38,1.48,-2.78,0.84,0.44,0.05,0.73,-0.75,2.37,-1.73,2.62,-0.82
,Grasses,G_Holcus,Control,Holcus,Holcus_Control,103m,103,6.86,4.48,375.88,6.07,407.48,0.67,7.37,0.4,0.68,6.31,39.76,8.69,5951.6,211,277,47.35,2241.68,0.61,1.22,0.52,0.27,99.09,2.22,4.77,117.58,14.76,2.88,1.12,1.26,1.45,-0.71,-0.91,0.17,-0.68,0.75,-0.03,1.64,-0.47,1.91,0.1
,Grasses,G_Holcus,Control,Holcus,Holcus_Control,104m,104,6.58,3.33,404.15,8.73,407.03,0.67,6.91,0.74,1.04,8.62,74.24,8.63,5605.5,211,277,59.76,3570.9,0.8,1.29,0.48,0.23,99.26,0.77,5.54,254.37,9.71,2.54,0.83,0.69,1.31,6.18,-0.27,0.26,1.62,-1.52,0.86,0.55,-0.16,0.94,-0.09
,Grasses,G_Holcus,Control,Holcus,Holcus_Control,105m,105,6.86,3.52,414.48,6.47,343.46,0.67,7.05,0.29,0.57,5.39,29.02,8.7,5975.4,281.05,221.23,82.49,6805.18,1.07,1.42,0.49,0.24,99.37,1.05,5.08,160.48,14.16,2.84,1.03,1.05,1.4,-2.99,0.9,-1.72,-0.33,-0.51,1.12,1.87,-1.06,2.14,-0.16
,Grasses,G_Holcus,Drought,Holcus,Holcus_Drought,106m,106,6.83,4.35,285.18,6,446.51,0.62,6.61,0.4,0.69,6.33,40.06,8.26,3870.6,361.27,188.44,66.17,4377.98,1.06,1.42,0.48,0.23,99.26,1.44,4.86,129.6,19.14,3.1,1.17,1.36,1.47,2.1,0.1,1.4,-0.39,0.09,-1.17,2.47,-1.33,2.73,-1.16
,Grasses,G_Holcus,Drought,Holcus,Holcus_Drought,107m,107,6.59,4.64,396.78,6.55,419.47,0.65,7.35,0.25,0.53,5.04,25.4,8.46,4744,188.98,328.54,81.58,6654.7,1.18,1.48,0.51,0.26,99.45,1.09,4.83,124.75,15.59,2.92,1.12,1.25,1.45,-1.13,0.81,-0.52,-0.23,0.14,0.52,2.24,-1.21,2.43,-0.25
,Grasses,G_Holcus,Drought,Holcus,Holcus_Drought,108m,108,6.52,3.86,357.28,6.8,425.47,0.55,6.04,0.52,0.81,7.23,52.21,8.74,6219,145.08,383.96,75.55,5707.38,0.96,1.37,0.54,0.29,99.08,2.58,4.77,117.75,12.51,2.74,1.07,1.16,1.42,4.56,0.53,-0.04,-0.19,-0.85,-0.07,1.74,-1.54,2.08,-0.83
,Grasses,G_Holcus,Drought,Holcus,Holcus_Drought,109m,109,6.81,4,453.82,6.57,408.15,0.68,6.23,0.22,0.49,4.72,22.28,8.41,4489,382.2,226.13,60.58,3669.78,0.9,1.34,0.49,0.24,99.25,1.37,4.98,145.59,15.51,2.92,1.08,1.16,1.42,-1.82,-0.15,-1.25,-0.89,-0.93,1.39,1.66,-0.13,1.96,0.82
,Grasses,G_Holcus,Drought,Holcus,Holcus_Drought,110m,110,6.5,5.91,318.07,8.16,432.05,0.59,7.48,0.24,0.51,4.91,24.08,8.36,4282.6,275.49,283.94,80.69,6510.78,1.23,1.51,0.52,0.27,99.32,1.93,4.6,99.22,17.57,3.02,1.22,1.49,1.5,-1.36,0.77,0.4,1.7,1.54,-0.67,2.69,-1.83,2.84,-1.06
,Grasses,G_Arrhenatherum,Control,Arrhenatherum,Arrhenatherum_Control,111m,111,6.64,4.19,321.47,5.81,415.77,0.6,7.57,0.57,0.86,7.55,57.06,8.44,4624.4,257.66,309,66.29,4394.78,0.97,1.37,0.49,0.24,99.7,0.36,5.8,329.69,6.86,2.29,0.72,0.51,1.26,1.3,0.06,-0.18,-1.57,-0.53,-0.48,0.15,-0.5,0.44,-1.38
,Grasses,G_Arrhenatherum,Control,Arrhenatherum,Arrhenatherum_Control,112m,112,6.29,5.87,432.7,11.63,406.25,0.57,6.41,0.83,1.15,9.12,83.18,8.16,3495.7,275.1,256.4,50.48,2548.367,0.85,1.32,0.48,0.23,99.78,0.47,5.66,287.61,8.47,2.44,0.78,0.61,1.28,6.79,-0.75,-0.81,0.37,,,,,,
,Grasses,G_Arrhenatherum,Control,Arrhenatherum,Arrhenatherum_Control,113m,113,6.69,10.53,780.07,14.85,429.44,0.74,7.33,0.66,0.95,8.15,66.34,8.07,3206.2,216.92,412.77,63.11,3982.987,1.11,1.45,0.47,0.22,99.7,0.79,5.55,256.26,9.86,2.55,0.83,0.69,1.31,3.12,-0.1,0.43,1.18,1.49,1.49,0.14,2.28,0.13,4.69
,Grasses,G_Arrhenatherum,Control,Arrhenatherum,Arrhenatherum_Control,114m,114,6.83,5.2,340.92,12.06,446.52,0.6,6.85,0.38,0.67,6.2,38.46,8.46,4719.6,301.57,258.33,85.33,7280.38,1.24,1.51,0.5,0.25,99.7,1.42,6.17,477.1,4.17,1.97,0.58,0.33,1.2,-2.52,1.04,1.49,0.02,-0.34,-0.39,-0.58,-0.97,-0.31,-1.73
,Grasses,G_Arrhenatherum,Control,Arrhenatherum,Arrhenatherum_Control,115m,115,6.98,3.57,288.34,10.82,402.77,0.61,7.15,0.27,0.54,5.18,26.78,7.89,2681.9,217.95,387.6,65.42,4280.08,1.26,1.53,0.53,0.28,99.79,0.52,5.79,328.63,4.84,2.06,0.66,0.43,1.23,-4.79,0.02,-0.92,-0.01,-0.62,-0.62,-0.25,-0.73,0.07,-2.01
,Grasses,G_Arrhenatherum,Drought,Arrhenatherum,Arrhenatherum_Drought,116m,116,7.04,4.37,350.64,7.56,432.37,0.6,8.06,0.4,0.69,6.33,40.12,8.12,3364.5,254.36,342.89,96.33,9278.8,1.66,1.75,0.6,0.36,99.58,1.65,5.17,175.62,5.43,2.13,0.79,0.62,1.29,0.76,1.49,0.79,-0.07,-0.48,-0.42,0.66,-2.24,0.85,-1.87
,Grasses,G_Arrhenatherum,Drought,Arrhenatherum,Arrhenatherum_Drought,117m,117,6.96,6.06,430.85,6.58,310.38,0.6,7.03,0.24,0.51,4.92,24.18,7.91,2711.5,294.85,298.18,82.07,6734.9,1.58,1.7,0.53,0.28,99.61,1.07,5.07,159.68,10.03,2.57,0.94,0.89,1.36,-2.65,0.83,-1.44,-0.61,,,,,,
,Grasses,G_Arrhenatherum,Drought,Arrhenatherum,Arrhenatherum_Drought,118m,118,6.94,10.47,716.37,12.6,446.44,0.73,7.62,0.48,0.76,6.92,47.9,7.68,2167.5,294.71,288.18,82.77,6851.087,1.78,1.82,0.54,0.29,99.64,1.17,5.11,165.9,8.95,2.48,0.91,0.82,1.34,2.38,0.86,1.08,1.66,1.5,1.5,0.67,0.78,0.63,3.42
,Grasses,G_Arrhenatherum,Drought,Arrhenatherum,Arrhenatherum_Drought,119m,119,6.71,5.09,323.43,8.61,382.57,0.63,7.36,0.36,0.65,6.03,36.39,7.82,2484.4,271.9,325.82,87.53,7661.567,1.76,1.81,0.56,0.31,99.61,1.19,5.05,155.96,8.58,2.45,0.91,0.83,1.34,-0.07,1.08,-0.08,-0.05,-0.44,-0.56,1.32,-1.86,1.48,-1.68
,Grasses,G_Arrhenatherum,Drought,Arrhenatherum,Arrhenatherum_Drought,120m,120,6.75,4.32,332.97,5.72,369.32,1.27,14.92,0.19,0.46,4.41,19.48,8.36,4258,276.36,275.99,95.1,9043.667,1.46,1.63,0.53,0.28,99.73,0.85,5.33,205.43,7.8,2.38,0.83,0.69,1.31,-3.79,1.43,-0.35,-0.93,-0.58,-0.51,1.19,-1.93,1.33,-1.77
,Legume,L_Vicia,Control,Vicia,Vicia_Control,131m,131,6.93,40.39,389.14,32.87,377.8,0.68,5.83,0.18,0.44,4.26,18.16,8.55,5186.4,167.11,435.21,49.48,2448.073,0.69,1.24,0.76,0.58,99.31,0.46,5.73,307,1.25,1.45,0.48,0.23,1.17,-3.39,0.91,-1.16,-0.63,0.19,-0.85,-2.42,-0.75,-3.51,-0.01
,Legume,L_Vicia,Control,Vicia,Vicia_Control,132m,132,6.94,42.99,405.89,30.5,395.67,0.69,8.17,0.26,0.53,5.07,25.71,8.88,7173.5,243.9,344.01,50.09,2509.08,0.59,1.21,0.86,0.73,99.97,0.75,5.61,273.53,0.87,1.35,0.45,0.2,1.16,-1.55,0.95,-0.75,-0.85,0.7,-0.1,-2.79,-0.67,-4.12,-0.07
,Legume,L_Vicia,Control,Vicia,Vicia_Control,133m,133,6.68,28.43,422.04,41.7,453.94,1.29,13.55,0.72,1.02,8.51,72.38,7.39,1615.4,183.62,433.65,13.71,187.9,0.34,1.14,0.5,0.26,99.97,0.01,5.74,311.11,6.34,2.23,0.71,0.51,1.26,7.94,-1.5,0.85,0.97,-1.65,0.7,-0.46,1.28,-1.55,1.71
,Legume,L_Vicia,Control,Vicia,Vicia_Control,134m,134,6.82,44.95,384.75,33.07,415.63,0.68,7.31,0.29,0.57,5.42,29.43,7.9,2704.7,198.209,404.29,33.76,1139.567,0.65,1.23,0.71,0.51,100,0.23,5.78,324.36,1.53,1.51,0.49,0.24,1.18,-0.89,-0.15,-0.09,-0.7,0.86,-1.03,-2.15,0.2,-3.68,0.58
,Legume,L_Vicia,Control,Vicia,Vicia_Control,135m,135,6.84,38.23,433.67,43.35,464.61,0.61,7.98,0.26,0.54,5.11,26.15,8.44,4614.8,198.209,404.29,51.77,2680.58,0.76,1.28,0.74,0.54,99.97,0.51,5.99,400.79,1.08,1.41,0.43,0.18,1.16,-1.55,1.06,1.16,1.21,-0.1,1.28,-2.58,0.09,-3.7,0.43
,Legume,L_Vicia,Drought,Vicia,Vicia_Drought,136m,136,6.56,34.72,428.5,28.62,370.57,0.62,6.84,0.67,0.96,8.18,66.88,7.89,2671.4,241.23,331.12,41.46,1718.7,0.8,1.29,0.73,0.53,100,0.57,6,405.4,1.13,1.42,0.43,0.19,1.16,6.44,1,-0.51,-0.36,0.29,0.19,-2.63,0.36,-3.65,0.46
,Legume,L_Vicia,Drought,Vicia,Vicia_Drought,137m,137,6.71,27.34,421.94,26,325.6,0.68,7.43,0.16,0.41,3.97,15.73,7.92,2754.8,229.41,416.92,27.13,736.1,0.52,1.18,0.72,0.51,99.93,0.46,6.05,423.76,1.15,1.42,0.43,0.18,1.16,-4.31,-0.23,-1.39,-0.94,-0.74,-0.03,-2.75,0.59,-3.53,0.41
,Legume,L_Vicia,Drought,Vicia,Vicia_Drought,138m,138,6.8,40.3,447.64,29.62,409.82,0.6,7.32,0.28,0.56,5.28,27.93,7.7,2200.1,182.01,300.29,30.36,921.68,0.65,1.23,0.71,0.5,99.98,0.23,6.15,468.56,1.08,1.41,0.41,0.17,1.15,-1.56,0.05,0.31,-0.29,1,0.95,-2.9,0.82,-4.2,1.15
,Legume,L_Vicia,Drought,Vicia,Vicia_Drought,139m,139,6.63,38.8,436.63,30.89,409.51,0.7,8.04,0.17,0.43,4.13,17.02,8.13,3393.8,241.83,398.92,42.9,1840.18,0.74,1.26,0.75,0.56,99.94,0.4,5.96,386.94,1.06,1.4,0.43,0.19,1.16,-4.06,1.13,0.32,-0.12,0.77,0.55,-2.69,0.25,-3.86,0.63
,Legume,L_Vicia,Drought,Vicia,Vicia_Drought,140m,140,6.58,23.06,379.12,39.85,458.22,0.63,7.43,0.41,0.7,6.44,41.44,7.47,1752.6,223.28,305.69,21.3,453.58,0.51,1.18,0.63,0.4,100,0.01,6.01,406.67,1.93,1.6,0.49,0.24,1.18,1.18,-0.74,1.27,1.7,-1.33,-1.66,-2.05,0.73,-2.75,0.17
,Herbs,H_Hypericum,Control,Hypericum,Hypericum_Control,141m,141,6.6,5.05,399.21,24.25,487.48,0.66,8.46,0.44,0.72,6.6,43.57,8.1,3292.1,146.3,354.92,32.21,1037.7,0.56,1.2,0.59,0.35,99.83,0.78,5.36,212.4,4.88,2.06,0.73,0.54,1.26,0.94,-0.45,0.76,-0.4,-1.01,1.02,-0.49,0.44,-0.39,-0.05
,Herbs,H_Hypericum,Control,Hypericum,Hypericum_Control,142m,142,6.7,5.89,393.31,19.31,421.64,0.74,9.67,0.2,0.46,4.45,19.83,7.76,2351.1,174.4,383.18,49.13,2413.367,1.01,1.39,0.6,0.37,99.86,0.94,5.84,345.15,2.76,1.75,0.56,0.32,1.2,-4.16,0.42,-0.79,-1.11,-0.38,0.77,-1.35,0.22,-1.14,-0.67
,Herbs,H_Hypericum,Control,Hypericum,Hypericum_Control,143m,143,6.73,5.73,378.28,27.04,482.64,0.73,8.08,0.54,0.82,7.34,53.85,7.68,2165.7,152.68,423.18,37.72,1422.48,0.81,1.3,0.51,0.26,99.7,1.31,5.6,271.49,7.08,2.31,0.76,0.57,1.27,2.95,-0.17,0.61,0.25,-0.54,0.27,-0.05,0.47,0.07,-0.08
,Herbs,H_Hypericum,Control,Hypericum,Hypericum_Control,144m,144,6.88,11.33,331.05,35.53,392.73,0.66,7.01,0.42,0.7,6.48,41.94,8.01,3013.2,62.03,832.56,20.49,419.98,0.37,1.14,0.55,0.3,99.9,0.16,5.9,366.05,3.81,1.92,0.6,0.36,1.21,0.53,-1.06,-1.35,1.56,1.55,-1.3,-1.11,0.59,-1.34,-0.46
,Herbs,H_Hypericum,Control,Hypericum,Hypericum_Control,145m,145,6.83,7.97,348.13,24.24,489.28,0.64,7.91,0.37,0.65,6.04,36.52,7.85,2559.9,157.34,364.97,48.39,2341.4,0.96,1.36,0.5,0.25,99.8,0.74,5.69,296.22,6.76,2.28,0.73,0.54,1.26,-0.49,0.38,0.77,-0.3,0.38,-0.76,-0.01,0.17,0.05,-0.59
,Herbs,H_Hypericum,Drought,Hypericum,Hypericum_Drought,146m,146,6.86,8.19,438.31,16.81,387.66,0.64,7,0.43,0.72,6.59,43.4,7.26,1426.7,187.42,325.42,42.05,1768.373,1.11,1.44,0.51,0.26,99.92,0.68,5.71,302.51,6.25,2.22,0.71,0.51,1.26,3.24,-0.17,-1.66,0.13,1.24,0.38,-0.32,0.92,-0.3,0.58
,Herbs,H_Hypericum,Drought,Hypericum,Hypericum_Drought,147m,147,6.84,7.75,439.21,15.46,437.8,0.61,6.31,0.38,0.67,6.18,38.15,7.3,1485.8,197.59,230.66,45.39,2060.193,1.18,1.48,0.59,0.35,99.85,0.57,6.04,420.81,2.46,1.7,0.52,0.27,1.19,2.2,0.03,-0.16,-1.31,-0.3,0.48,-1.75,0.72,-1.61,0.01
,Herbs,H_Hypericum,Drought,Hypericum,Hypericum_Drought,148m,148,6.48,7.69,410.71,18.75,465.28,0.64,7.08,0.17,0.42,4.06,16.5,7.27,1435,191.72,267.27,55.26,3053.88,1.46,1.63,0.55,0.3,99.77,2.02,5.33,206.99,6.77,2.28,0.8,0.64,1.29,-2.79,0.63,0.65,1.19,-0.73,-1.49,0.2,0.07,0.29,-0.03
,Herbs,H_Hypericum,Drought,Hypericum,Hypericum_Drought,149m,149,6.87,7.76,447.06,16.86,469.99,0.67,8.07,0.11,0.35,3.39,11.48,7.53,1871.1,200.3,320.37,53.83,2898.013,1.24,1.51,0.57,0.33,99.91,1.16,5.69,296.64,4.03,1.95,0.64,0.41,1.23,-4.11,0.54,0.82,-0.65,-1.05,1.08,-0.79,0.49,-0.68,0.16
,Herbs,H_Hypericum,Drought,Hypericum,Hypericum_Drought,150m,150,7,8.24,425.89,17.81,455.34,0.63,6.25,0.3,0.58,5.46,29.79,7.75,2316.3,200.18,236.15,52.77,2784.413,1.1,1.44,0.61,0.37,99.91,0.77,5.98,397.29,2.3,1.67,0.52,0.27,1.18,0.48,0.48,0.35,0.63,0.84,-0.45,-1.67,0.4,-1.53,-0.33
,Grasses,G_F.rubra,Control,F.rubra,F.rubra_Control,151m,151,6.5,5.97,366.38,9.36,397.58,0.72,7.66,0.47,0.76,6.89,47.5,8.48,4799.7,216.22,134.5,59.97,3596.58,0.87,1.32,0.55,0.3,98.75,3.94,4.78,118.54,11.8,2.69,1.06,1.12,1.42,0.2,-0.26,-0.53,-0.02,0.22,-0.58,1.3,-1.16,1.64,-0.38
,Grasses,G_F.rubra,Control,F.rubra,F.rubra_Control,152m,152,6.66,4.71,366.82,7.26,412.25,0.73,7.48,0.33,0.61,5.76,33.14,9.07,8727.3,627.77,43.37,80.78,6525.68,0.86,1.32,0.46,0.21,99.68,1.64,5.44,230.51,12.78,2.76,0.91,0.83,1.34,-2.84,0.81,0.6,-0.48,-0.64,-0.6,1.53,-0.87,1.72,-0.72
,Grasses,G_F.rubra,Control,F.rubra,F.rubra_Control,153m,153,6.68,4.41,356.77,6.11,407.27,0.6,7.1,0.49,0.78,7.02,49.22,8.7,5986.6,385.69,57.47,87.8,7708.28,1.13,1.46,0.44,0.19,99.7,1.46,5.4,220.31,15.48,2.92,0.97,0.94,1.37,0.4,1.17,0.21,-1.12,-1.28,-0.79,2.03,-1.2,2.17,-0.85
,Grasses,G_F.rubra,Control,F.rubra,F.rubra_Control,154m,154,6.53,7.16,414.55,13.66,387.01,0.59,7.13,0.79,1.09,8.87,78.62,8.19,3611.9,374.84,103.12,60.88,3706.667,1.01,1.39,0.45,0.2,99.61,1.62,5.14,170.79,17.88,3.04,1.07,1.15,1.42,6.57,-0.21,-1.38,1.58,1.31,0.39,1.94,-0.01,2.02,0.57
,Grasses,G_F.rubra,Control,F.rubra,F.rubra_Control,155m,155,6.5,5.8,475.45,8.95,416.26,0.65,7.79,0.37,0.65,6.07,36.86,8.51,4983.7,269.69,177.15,64.95,4218.7,0.92,1.35,0.39,0.15,99.87,0.93,5.33,205.69,28,3.43,1.14,1.31,1.46,-2.02,-0.01,1.11,0.03,0.39,1.58,2.57,0.59,2.62,1.5
,Grasses,G_F.rubra,Drought,F.rubra,F.rubra_Drought,156m,156,6.27,4.85,378.29,5.77,419.36,0.58,6.8,0.18,0.44,4.28,18.3,8.41,4494.1,348.75,105.67,70.24,4933.333,1.05,1.41,0.43,0.19,99.78,1.09,5.34,209.36,17.64,3.03,1.01,1.03,1.39,-3.39,0.29,0.44,0.13,-0.4,-0.56,1.97,-0.31,2.12,-0.15
,Grasses,G_F.rubra,Drought,F.rubra,F.rubra_Drought,157m,157,6.38,5.2,412.92,5.25,323.71,0.62,7.16,0.2,0.46,4.47,20,8.12,3376.3,341.61,171.75,65.25,4258.2,1.12,1.45,0.41,0.17,99.86,0.63,5.61,272.34,16.62,2.98,0.94,0.88,1.35,-2.92,0.06,-1.75,-0.68,0.06,1.04,1.51,0.28,1.64,0.34
,Grasses,G_F.rubra,Drought,F.rubra,F.rubra_Drought,158m,158,6.42,5.04,372.63,8.18,431.09,0.59,7.08,0.3,0.58,5.45,29.71,8.45,4689.9,417.91,144.2,61.59,3792.9,0.9,1.34,0.47,0.22,99.76,1.05,5.26,192.09,14.06,2.84,0.98,0.96,1.38,-0.67,-0.11,0.75,1.69,-1.14,-0.79,1.55,-0.17,1.7,-0.2
,Grasses,G_F.rubra,Drought,F.rubra,F.rubra_Drought,159m,159,6.39,5.9,414.33,5.99,412.15,0.69,7.73,0.28,0.55,5.26,27.63,8.18,3568.7,306.77,82.43,61.85,3825.08,1.04,1.4,0.45,0.2,99.83,0.87,5.5,244.92,12.36,2.73,0.89,0.8,1.33,-1.11,-0.1,0.33,-0.55,1.55,1.14,1.09,0.24,1.22,0.25
,Grasses,G_F.rubra,Drought,F.rubra,F.rubra_Drought,160m,160,6.51,5.15,372.09,5.32,409.65,0.64,6.98,0.6,0.89,7.77,60.31,8.43,4584.4,390.77,62.7,74.98,5622.567,1.11,1.44,0.46,0.21,99.81,1.21,5.37,214,13.38,2.8,0.94,0.89,1.36,5.49,0.51,0.24,-0.59,-0.08,-0.82,1.59,-0.56,1.73,-0.49
,Herbs,H_Galium,Control,Galium,Galium_Control,161m,161,6.34,8.14,307.94,15.24,368.88,0.63,7.05,0.27,0.55,5.22,27.22,8.08,3228.2,178.74,187.97,40.18,1614.18,0.71,1.25,0.45,0.2,99.74,0.89,5.75,315.13,9.68,2.54,0.79,0.62,1.29,-0.95,-0.04,-0.36,-0.38,0.54,-0.58,0.4,0.23,0.42,-0.68
,Herbs,H_Galium,Control,Galium,Galium_Control,162m,162,6.44,8.8,309.35,18,324.2,0.64,8.1,0.26,0.54,5.14,26.44,7.88,2642.9,161.78,235.9,28.42,807.967,0.55,1.2,0.59,0.34,99.74,0.2,5.9,366.18,2.95,1.78,0.56,0.32,1.2,-1.17,-0.65,-1.54,1.05,1.43,-0.58,-1.38,0.15,-1.39,-1.12
,Herbs,H_Galium,Control,Galium,Galium_Control,163m,163,6.83,5.93,304.26,17.29,397.76,0.62,6.86,0.29,0.57,5.39,29.01,8.13,3388.5,204.64,184.88,38.46,1479.5,0.66,1.23,0.5,0.25,99.91,0.39,5.81,335.13,5.9,2.19,0.69,0.47,1.24,-0.51,-0.13,0.31,0.66,-0.71,-0.71,-0.31,0.25,-0.21,-1.08
,Herbs,H_Galium,Control,Galium,Galium_Control,164m,164,6.51,7.46,387.31,17.35,423.03,0.62,7.27,0.36,0.65,6.04,36.47,8.03,3083,222.36,172.77,35.96,1292.967,0.65,1.23,0.46,0.21,99.84,0.3,5.74,312.46,9.16,2.5,0.78,0.61,1.28,0.99,-0.26,1.03,0.18,-0.19,1.66,0.19,0.83,0.2,0.3
,Herbs,H_Galium,Control,Galium,Galium_Control,165m,165,6.17,5.55,337.58,11.75,407.78,0.78,8.54,0.17,0.42,4.07,16.53,8.98,7911,178.85,192.74,110.2,12143.313,1.24,1.51,0.54,0.29,99.8,1.9,5.36,213.76,7.07,2.31,0.8,0.65,1.29,-3.27,3.58,0.57,-1.5,-1.06,0.23,1.36,-2.66,1.33,-2.02
,Herbs,H_Galium,Drought,Galium,Galium_Drought,166m,166,6.46,6.99,406.56,11.13,403.8,0.55,5.92,0.11,0.34,3.35,11.2,7.69,2180.1,177.74,148.22,36.01,1296.767,0.77,1.28,0.65,0.42,99.44,0.24,5.99,398.33,1.83,1.57,0.49,0.24,1.18,-2.72,-0.54,0.19,0.08,0.03,-0.48,-2.19,0.25,-1.96,-0.43
,Herbs,H_Galium,Drought,Galium,Galium_Drought,167m,167,6.65,6.46,449.15,11.46,396.23,0.78,7.05,0.32,0.6,5.68,32.29,8.02,3046.1,266.95,103.65,52.89,2797.88,0.96,1.37,0.48,0.23,99.79,0.89,5.65,283.71,8.58,2.45,0.79,0.62,1.29,2.48,0.49,,,-0.89,1.17,0.25,0.69,0.38,0.64
,Herbs,H_Galium,Drought,Galium,Galium_Drought,168m,168,6.56,7.18,390.57,9.96,415.77,0.56,5.97,0.26,0.53,5.06,25.58,7.48,1775.8,208.99,164.53,41.07,1686.873,0.97,1.37,0.52,0.27,99.64,0.39,5.94,378.5,4.76,2.05,0.63,0.4,1.22,1.12,-0.23,0.61,-0.73,-0.18,-1.06,-0.87,0.57,-0.72,-0.15
,Herbs,H_Galium,Drought,Galium,Galium_Drought,169m,169,6.4,8.94,442.93,15.04,416.49,0.66,7.64,0.24,0.51,4.9,24.05,8.09,3251,192.77,145.42,30.81,948.98,0.54,1.19,0.62,0.39,99.67,0.29,6.2,491.13,1.75,1.56,0.46,0.21,1.17,0.65,-0.85,0.66,1.38,1.67,0.96,-2.45,0.92,-2.37,0.22
,Herbs,H_Galium,Drought,Galium,Galium_Drought,170m,170,6.4,6.67,402.88,9.72,348.86,0.78,7.79,0.28,0.56,5.29,28.03,8.06,3156.7,256.66,135.22,56.79,3224.8,1.01,1.39,0.49,0.24,99.81,1.12,5.59,268.21,7.94,2.39,0.78,0.61,1.28,1.58,0.72,-1.47,-0.73,-0.62,-0.6,0.3,0.25,0.43,-0.05
,Grasses,G_Poa,Control,Poa,Poa_Control,171m,171,6.42,4.93,413.05,11.39,405.19,0.66,6.95,0.15,0.4,3.88,15.03,8.27,3903.8,269.46,207.31,59.45,3534.88,0.95,1.36,0.42,0.17,99.69,1.13,5.34,208.67,20.5,3.16,1.05,1.11,1.41,-4.69,-0.29,-0.18,-0.28,-1.12,0.43,2,0.23,2.15,0.59
,Grasses,G_Poa,Control,Poa,Poa_Control,172m,172,6.45,6.41,402.12,12.63,417.97,0.58,5.86,0.11,0.34,3.31,10.97,8.29,3977.7,335,148.63,55.99,3134.6,0.89,1.33,0.39,0.15,99.63,0.94,4.96,142.23,39.35,3.75,1.37,1.86,1.58,-5.71,-0.47,-0.02,0.45,1.15,-0.1,3.54,0.11,3.56,1.1
,Grasses,G_Poa,Control,Poa,Poa_Control,173m,173,6.43,6.34,408.21,11.02,338.73,0.78,6.69,0.16,0.41,4.02,16.15,8.35,4246.3,314.67,134.95,55.89,3124.2,0.86,1.32,0.4,0.16,99.63,1.55,4.75,115.66,42.12,3.81,1.46,2.14,1.64,-4.44,-0.47,-1.29,-0.17,0.87,0.18,3.89,0.05,3.89,1.25
,Grasses,G_Poa,Control,Poa,Poa_Control,174m,174,6.38,5.59,365.25,8.68,412.08,0.77,6.81,0.07,0.27,2.63,6.9,8.43,4569.1,294.44,172.11,64.56,4167.7,0.96,1.36,0.45,0.2,99.59,1.87,4.98,146.06,21.77,3.21,1.17,1.37,1.47,-6.83,-0.03,-0.04,-1.35,-0.79,-1.6,2.55,-0.48,2.67,-0.01
,Grasses,G_Poa,Control,Poa,Poa_Control,175m,175,7.08,5.55,428.75,16.02,511.29,0.62,6.37,0.69,0.98,8.33,69.34,8.94,7626.6,389.02,115.19,74.43,5540,0.85,1.32,0.43,0.18,99.59,1.52,4.96,141.97,26.41,3.38,1.24,1.53,1.51,6.7,0.48,1.52,1.36,-0.11,1.08,2.99,-0.43,3.09,0.72
,Grasses,G_Poa,Drought,Poa,Poa_Drought,176m,176,5.94,6.44,324.09,19.08,412.49,0.82,7.18,0.27,0.55,5.2,26.99,8.01,3022.2,355.03,181.34,33.23,1104.28,0.6,1.21,0.41,0.17,99.71,0.82,5.19,178.58,25.84,3.36,1.16,1.35,1.47,0.71,-1.41,0.05,1.28,0.46,-0.91,2.43,0.29,2.37,0.25
,Grasses,G_Poa,Drought,Poa,Poa_Drought,177m,177,6.7,5.36,361.45,9.76,358.06,0.69,7.06,0.28,0.56,5.27,27.79,8.35,4213.9,356.36,88.07,62.08,3854.117,0.96,1.36,0.44,0.19,99.5,1.36,4.99,147.65,23.23,3.27,1.19,1.41,1.48,0.94,-0.09,-1.5,-0.55,-0.67,-0.11,2.61,-0.46,2.76,0.03
,Grasses,G_Poa,Drought,Poa,Poa_Drought,178m,178,6.63,6.2,441.25,6.85,403.32,0.79,7.11,0.4,0.68,6.29,39.58,7.7,2218.4,439.07,130.75,54.43,2962.2,1.16,1.47,0.43,0.18,99.74,1.39,4.94,140.23,26.78,3.39,1.24,1.55,1.51,3.56,-0.44,-0.17,-1.15,-0.06,1.6,2.76,0.4,2.79,1.29
,Grasses,G_Poa,Drought,Poa,Poa_Drought,179m,179,6.56,5.14,330.47,11.37,420.74,0.67,7.45,0.57,0.85,7.52,56.55,7.83,2515.5,291.55,225.34,50.08,2507.78,1,1.39,0.43,0.18,99.67,1.05,4.97,144.39,25.94,3.37,1.23,1.5,1.5,7.07,-0.64,0.37,-0.36,-1.15,-0.75,2.78,-0.18,2.86,-0.03
,Grasses,G_Poa,Drought,Poa,Poa_Drought,180m,180,6.82,7.79,374.35,16.76,452.88,0.56,6.09,0.23,0.49,4.74,22.51,7.8,2442.2,329.06,76.88,38.72,1499.18,0.78,1.28,0.42,0.18,99.69,0.76,5.13,169.22,23.56,3.28,1.15,1.32,1.46,-0.22,-1.16,1.25,0.77,1.42,0.17,2.28,0.43,2.21,0.74
,Herbs,H_Silene,Control,Silene,Silene_Control,181m,181,6.41,5.39,411.84,21.11,396.23,0.32,2.18,0.55,0.84,7.44,55.33,8.34,4195.4,131.84,213.37,70.04,4905.667,1.08,1.43,0.65,0.42,99.34,1.05,6.18,484.21,1.51,1.51,0.44,0.2,1.16,2.93,1.5,0.36,0.18,-0.18,0.4,-2.2,-0.6,-1.76,-1.14
,Herbs,H_Silene,Control,Silene,Silene_Control,182m,182,6.82,4.26,416.59,15.38,364.51,0.76,6.65,0.73,1.02,8.52,72.59,8.48,4795.7,95.74,408.21,76.99,5928.067,1.11,1.44,0.78,0.62,93.29,1.86,6.5,664.51,0.51,1.25,0.31,0.1,1.13,6.59,1.86,-0.61,-1.62,-0.52,0.59,-5.03,-4.92,-3.06,-1.83
,Herbs,H_Silene,Control,Silene,Silene_Control,183m,183,6.67,7.83,372.97,21.52,335.69,0.66,7.44,0.24,0.51,4.9,23.98,7.55,1895.3,100.82,211.29,54.3,2948.4,1.25,1.52,0.66,0.43,98.41,0.71,6.24,514.14,1.32,1.46,0.42,0.18,1.16,-3.47,0.69,-1.4,0.61,1.74,-1.69,-2.78,-0.91,-2.22,-1.28
,Herbs,H_Silene,Control,Silene,Silene_Control,184m,184,6.47,4.89,402.37,23.76,400.94,0.59,6.99,0.25,0.52,4.99,24.93,8.46,4726.7,118.86,140.74,58.55,3428.513,0.85,1.32,0.74,0.54,96.76,1.05,6.23,509.1,0.86,1.35,0.38,0.14,1.15,-3.25,0.91,0.53,0.96,-0.75,-0.05,-3.63,-2.18,-2.53,-1.39
,Herbs,H_Silene,Control,Silene,Silene_Control,185m,185,6.19,4.92,419.09,19.8,424.77,0.71,6.58,0.37,0.65,6.07,36.81,8.33,4133.2,160.37,186.8,69.79,4870.267,1.09,1.43,0.62,0.38,96.21,1.41,6.4,604.47,1.43,1.49,0.41,0.17,1.15,-0.71,1.49,1.12,-0.13,-0.29,0.75,-3.24,-2.27,-2.03,-1.03
,Herbs,H_Silene,Drought,Silene,Silene_Drought,186m,186,6.42,4.23,362.09,20.76,418.77,0.65,6.94,0.28,0.56,5.32,28.3,7.99,2943.5,156.22,180.96,72.98,5326.787,1.35,1.57,0.57,0.33,97.48,1.27,6.49,659.76,1.8,1.57,0.43,0.18,1.16,-0.17,1.7,0.93,1.06,-0.56,-0.79,-2.7,-1.71,-1.75,-1.67
,Herbs,H_Silene,Drought,Silene,Silene_Drought,187m,187,6.32,4.89,368.73,11.99,392.75,0.76,7.36,0.3,0.58,5.5,30.26,7.42,1675.1,118.24,181.69,86.03,7401.967,2.1,2,0.59,0.35,96.62,1.48,6.58,718.64,1.46,1.5,0.4,0.16,1.15,0.27,2.49,-1.04,-0.93,1.45,-0.58,-3.03,-2.74,-1.93,-1.91
,Herbs,H_Silene,Drought,Silene,Silene_Drought,189m,189,6.31,4.8,385.49,16.3,405.7,1.4,13.12,0.2,0.46,4.45,19.77,8.12,3370.2,163.51,193.98,62.83,3947.367,1.08,1.43,0.69,0.47,97.92,0.97,6.43,622.03,0.92,1.37,0.37,0.14,1.14,-2,1.09,0.11,-0.13,-0.61,-0.06,-3.4,-1.37,-2.55,-1.56
,Herbs,H_Silene,Drought,Silene,Silene_Drought,190m,190,,4.51,437.12,16.35,405.74,0.936666667,9.14,0.25,0.52,4.96,24.63,7.89,2669.9,179.32,144.65,68.9,4746.673,1.33,1.56,0.54,0.3,99.08,1.21,6.24,512.28,2.84,1.76,0.51,0.26,1.18,-0.84,1.45,,,-0.28,1.43,-1.68,-0.2,-1.16,-0.47
,Legume,L_Trifolium,Control,Trifolium,Trifolium_Control,191m,191,,17.13,364.98,57.41,541.22,0.81,8.32,0.42,0.7,6.48,41.95,10.09,24203.1,,,31.65,1001.5,0.2,1.11,0.62,0.39,99.7,0.28,5.96,386.33,2.18,1.65,0.52,0.27,1.18,0.27,-0.29,1.22,1.48,-0.43,0.1,-1.86,0.31,-2.16,-0.37
,Legume,L_Trifolium,Control,Trifolium,Trifolium_Control,192m,192,6.68,17.41,362.69,38.23,358.82,2.1,21.9,0.57,0.86,7.56,57.14,9.19,9823.6,,,36.02,1297.7,0.36,1.14,0.57,0.32,99.64,0.32,5.98,396.83,3.08,1.8,0.56,0.31,1.2,3.28,0,-0.51,0.04,,,,,,
,Legume,L_Trifolium,Control,Trifolium,Trifolium_Control,193m,193,7,16.21,393.28,39.41,446.33,0.59,6.54,0.44,0.73,6.66,44.32,9.75,17178.2,,,37.79,1428,0.29,1.13,0.52,0.27,99.72,0.32,5.86,349.69,5.08,2.09,0.65,0.43,1.23,0.67,0.12,0.31,0.11,-1.01,1.24,-0.73,0.66,-1.01,0.31
,Legume,L_Trifolium,Control,Trifolium,Trifolium_Control,194m,194,6.64,19.01,333.21,23.14,256.98,0.66,7.42,0.26,0.54,5.13,26.3,9.75,17199.5,,,46.76,2186.58,0.36,1.14,0.57,0.32,99.74,0.45,5.61,273.83,4.45,2.01,0.67,0.45,1.24,-3.07,0.73,-1.42,-1.29,1.33,-1.18,-0.54,-0.14,-0.91,-0.61
,Legume,L_Trifolium,Control,Trifolium,Trifolium_Control,195m,195,6.75,17.28,359.29,33.74,454.25,0.62,7.69,0.62,0.91,7.88,62.17,9.57,14318.1,,,35.05,1228.8,0.29,1.13,0.51,0.26,99.78,0.32,5.88,359.25,5.29,2.12,0.66,0.43,1.23,4.29,-0.06,0.39,-0.35,0.1,-0.16,-0.66,0.58,-1.02,0.02
,Legume,L_Trifolium,Drought,Trifolium,Trifolium_Drought,196m,196,6.48,19.71,383.06,38.59,460.32,0.75,7.28,0.27,0.54,5.15,26.53,8.85,6972.6,,,41.72,1740.267,0.5,1.18,0.51,0.26,99.88,0.26,5.98,393.89,4.93,2.07,0.63,0.4,1.22,-3.32,1.02,0.08,0.89,-0.38,-0.35,-0.79,0.71,-1.23,0.24
,Legume,L_Trifolium,Drought,Trifolium,Trifolium_Drought,197m,197,6.53,20.38,455.38,31.2,390.86,0.72,6.37,0.53,0.82,7.3,53.35,8.89,7279.1,,,18.47,341.3,0.22,1.11,0.52,0.27,99.86,0.07,6.11,448.49,3.89,1.93,0.57,0.33,1.2,2,-0.98,-1.25,-1.18,0.03,1.23,-1.49,1.52,-2.1,1.48
,Legume,L_Trifolium,Drought,Trifolium,Trifolium_Drought,198m,198,6.7,21.16,405.4,34.07,453.72,0.83,7.62,0.23,0.5,4.81,23.12,9.06,8580,,,32.26,1040.4,0.35,1.14,0.44,0.2,99.63,0.21,5.68,293.33,11.35,2.66,0.83,0.7,1.31,-4.19,0.21,-0.02,-0.48,0.65,0.15,0.46,0.88,-0.12,1.24
,Legume,L_Trifolium,Drought,Trifolium,Trifolium_Drought,199m,199,6.43,19.16,330.25,39.1,514.95,0.74,7.32,0.75,1.05,8.67,75.15,8.7,6005,,,26.35,694.167,0.34,1.14,0.48,0.23,99.53,0.1,5.61,272.28,9.09,2.49,0.81,0.65,1.29,6.49,-0.3,1.19,0.76,-1.45,-1.47,0.26,0.35,-0.25,0.22
,Legume,L_Trifolium,Drought,Trifolium,Trifolium_Drought,200m,200,6.59,21.53,419.17,35.74,454.9625,1.3,12.85,0.13,0.37,3.62,13.13,9.14,9293.1,,,26.24,688.6,0.27,1.12,0.46,0.21,99.81,0.21,6.05,423.58,6.92,2.29,0.67,0.45,1.24,-6.52,-0.31,,,1.14,0.44,-0.64,1.32,-1.25,1.25
,Grasses,G_Dactylis,Control,Dactylis,Dactylis_Control,201m,201,6.97,3.67,332.08,9.81,514.62,0.07,0.03,0.61,0.9,7.82,61.14,8.57,5254.2,263.85,258.93,48.78,2379.48,0.67,1.24,0.4,0.16,99.73,0.68,5.71,303.26,15.68,2.93,0.9,0.81,1.34,4.02,-0.84,0.89,0.81,-0.95,-1.15,1.19,0.26,1.4,-0.42
,Grasses,G_Dactylis,Control,Dactylis,Dactylis_Control,202m,202,6.8,4.24,388.2,6.35,415.21,0.81,7.23,0.22,0.49,4.68,21.9,8.44,4622.3,265.79,251.58,45.25,2047.48,0.67,1.24,0.38,0.14,99.74,0.64,5.67,290,21.69,3.21,0.98,0.97,1.38,-4.02,-1.02,-0.69,-0.79,-0.09,0.66,1.62,0.72,1.77,0.57
,Grasses,G_Dactylis,Control,Dactylis,Dactylis_Control,203m,203,6.52,5.98,382.28,6.08,395.8,0.65,7.01,0.38,0.66,6.17,38.02,9.04,8460,230.57,259.33,75.03,5628.8,0.82,1.3,0.43,0.18,99.71,1.44,5.34,207.59,18.43,3.06,1.03,1.06,1.4,-0.61,0.51,-0.97,-1.18,1.04,0.48,2.11,-0.51,2.21,-0.12
,Grasses,G_Dactylis,Control,Dactylis,Dactylis_Control,204m,204,7.1,4.63,367.52,9.25,424.19,1.34,15.94,0.5,0.78,7.05,49.71,8.35,4244.9,187.77,165.83,43.88,1925.38,0.67,1.24,0.42,0.18,99.8,0.63,5.82,337.98,11.74,2.69,0.81,0.66,1.3,1.81,-1.09,-0.48,0.03,,,,,,
,Grasses,G_Dactylis,Control,Dactylis,Dactylis_Control,205m,205,6.61,4.63,367.52,9.76,539.16,0.72,7.68,0.32,0.6,5.67,32.19,8.48,4838.2,233.58,299.24,35.66,1271.58,0.51,1.18,0.41,0.17,99.64,0.69,5.84,343.52,13.2,2.79,0.83,0.69,1.31,-1.86,-1.51,1.25,1.13,,,,,,
,Grasses,G_Dactylis,Drought,Dactylis,Dactylis_Drought,206m,206,6.85,6.41,347.38,7.75,362.48,0.82,7.43,0.19,0.45,4.32,18.67,8.11,3312.9,671.7,97.17,77.12,5947.287,1.34,1.57,0.44,0.19,99.71,1,5.33,207.21,16.81,2.99,1,1.01,1.39,-2.08,0.61,-0.88,1.11,1.42,-0.84,2.04,-0.82,2.13,-0.63
,Grasses,G_Dactylis,Drought,Dactylis,Dactylis_Drought,207m,207,6.65,4.19,349.88,6.29,442.02,0.63,6.52,0.31,0.59,5.53,30.53,8.53,5044.2,270.22,225.17,68.24,4657.267,0.96,1.37,0.48,0.23,99.64,1.86,5.14,170.45,13.93,2.83,1.01,1.01,1.39,0.67,0.2,0.92,-0.46,-0.52,-0.79,1.72,-0.69,1.94,-0.65
,Grasses,G_Dactylis,Drought,Dactylis,Dactylis_Drought,208m,208,6.64,3.43,465.93,5.3,344.16,0.64,6.36,0.07,0.28,2.72,7.38,8.8,6637.9,409.09,182.06,60.43,3651.98,0.74,1.27,0.47,0.22,99.73,1.18,5.59,268.38,9.78,2.55,0.82,0.68,1.3,-5.31,-0.16,-1.26,-1.47,-1.22,1.04,0.54,0.53,0.82,0.66
,Grasses,G_Dactylis,Drought,Dactylis,Dactylis_Drought,209m,209,6.96,5.77,471.62,8.03,418.9,0.69,7.96,0.23,0.5,4.78,22.82,8.26,3850.3,285.35,223.85,58.62,3435.887,0.94,1.36,0.47,0.22,99.64,1.85,5.22,184.02,13.99,2.83,0.99,0.98,1.38,-1.13,-0.24,0.44,0.51,0.46,1.14,1.35,0.41,1.5,1.08
,Grasses,G_Dactylis,Drought,Dactylis,Dactylis_Drought,210m,210,6.64,4.67,365.83,7.17,435.23,0.7,7.48,0.59,0.87,7.65,58.57,8.26,3871,409.09,182.06,78.56,6172.06,1.26,1.52,0.49,0.24,99.55,2.06,5.4,221.9,9.81,2.55,0.86,0.74,1.32,6.47,0.67,0.77,0.31,-0.13,-0.54,1.08,-0.97,1.32,-0.87
,Herbs,H_Rumex,Control,Rumex,Rumex_Control,211m,211,7.05,6.47,365.61,13.97,396.7,0.66,7.68,0.4,0.69,6.35,40.35,7.52,1839.4,169.72,158.21,59.85,3582.247,1.4,1.6,0.75,0.56,95.6,1.03,7,1097.77,0.37,1.21,0.25,0.07,1.12,,,,,,,,,,
,Herbs,H_Rumex,Control,Rumex,Rumex_Control,212m,212,7.11,6.7,327.91,14.66,443.1,0.67,6.96,0.67,0.96,8.18,66.97,8.57,5289.6,154.17,213.05,87.33,7627.187,1.2,1.49,0.5,0.25,98.56,0.92,7.91,2734.57,0.75,1.32,0.24,0.06,1.12,,,,,,,,,,
,Herbs,H_Rumex,Control,Rumex,Rumex_Control,213m,213,6.71,6.43,443.76,11.9,369,0.62,6.75,0.69,0.98,8.28,68.52,8.05,3139,198.03,165.28,73.35,5379.793,1.31,1.55,0.45,0.2,98.22,0.74,7.76,2333.38,1.33,1.47,0.29,0.09,1.13,,,,,,,,,,
,Herbs,H_Rumex,Control,Rumex,Rumex_Control,214m,214,7.08,6.77,448.73,12.85,392.4,0.62,7.16,0.38,0.66,6.16,37.97,8.31,4077.5,163.97,198.75,85.43,7299.1,1.34,1.57,0.46,0.21,99.05,0.88,7.78,2394.08,1.18,1.43,0.28,0.08,1.12,,,,,,,,,,
,Herbs,H_Rumex,Control,Rumex,Rumex_Control,215m,215,6.56,5.95,402.27,9.78,349.5,0.59,6.71,0.3,0.58,5.48,30.06,7.92,2754.6,161.98,158.45,105.29,11085.607,2.01,1.95,0.92,0.84,90.57,2.01,7.73,2281.26,0.08,1.12,0.14,0.02,1.11,,,,,,,,,,
,Herbs,H_Rumex,Drought,Rumex,Rumex_Drought,216m,216,6.78,8,486.71,12.63,417.1,0.63,6.89,0.25,0.52,4.97,24.72,7.37,1587.1,158.04,190.4,53.51,2863.68,1.34,1.57,1.05,1.1,75.17,0.61,7.18,1318.57,0.08,1.12,0.17,0.03,1.11,,,,,,,,,,
,Herbs,H_Rumex,Drought,Rumex,Rumex_Drought,217m,217,6.89,9.16,474.29,18.98,389.1,0.73,8.41,0.42,0.71,6.52,42.5,7.1,1216.5,130.25,303.3,55.83,3116.513,1.6,1.72,0.79,0.63,92.34,0.7,7.12,1240.77,0.26,1.18,0.23,0.05,1.12,,,,,,,,,,
,Herbs,H_Rumex,Drought,Rumex,Rumex_Drought,218m,218,6.93,6.47,477.56,7.62,379.4,0.65,7.26,0.14,0.39,3.77,14.21,6.92,1011.5,154.94,156.86,64.3,4134.08,2.02,1.96,0.73,0.53,96.71,0.76,7.54,1875.59,0.25,1.18,0.2,0.04,1.11,,,,,,,,,,
,Herbs,H_Rumex,Drought,Rumex,Rumex_Drought,219m,219,6.18,12.55,474.46,16.73,376.5,0.11,-0.03,0.27,0.55,5.24,27.47,7.69,2192.2,141.41,174.24,69.25,4795.293,1.48,1.65,1,0.99,86.67,1.4,6.83,920.72,0.14,1.14,0.21,0.04,1.11,,,,,,,,,,
,Herbs,H_Rumex,Drought,Rumex,Rumex_Drought,220m,220,6.34,8.57,466.05,15.48,384.2,1.32,15.13,0.36,0.65,6.03,36.42,8.06,3175.4,113.58,322.11,73.85,5453.113,1.31,1.55,1.02,1.05,87.43,1.26,7.3,1476.13,0.08,1.12,0.16,0.03,1.11,,,,,,,,,,
,Legume,L_Medicago,Control,Medicago,Medicago_Control,221m,221,7.12,17.08,411.1,36.63,424.22,0.99,8.02,0.34,0.63,5.87,34.47,9.5,13362.5,395.3,181.23,31.94,1019.88,0.28,1.12,0.5,0.26,99.6,0.35,5.98,396.53,4.92,2.07,0.63,0.4,1.22,-0.08,-0.27,-0.24,-0.54,-0.26,1.47,-0.99,0.89,-1.31,0.68
,Legume,L_Medicago,Control,Medicago,Medicago_Control,222m,222,6.49,18.02,347.48,44.01,476.57,0.66,7.64,0.31,0.6,5.61,31.43,8.92,7486.7,86.47,424.92,28.2,795.38,0.33,1.13,0.48,0.23,99.74,0.17,5.67,290.7,8.21,2.42,0.77,0.59,1.28,-0.72,-0.53,1.65,1.66,0.29,-1.09,0.09,0.58,-0.39,0.29
,Legume,L_Medicago,Control,Medicago,Medicago_Control,223m,223,6.23,21.6,358.07,34.99,422.51,0.69,7.53,0.31,0.59,5.6,31.31,9.26,10534.8,162.39,183.67,38.39,1473.867,0.37,1.14,0.49,0.24,99.93,0.32,5.9,363.24,6.19,2.22,0.68,0.46,1.24,-0.72,0.16,-0.38,-0.77,1.48,-0.66,-0.4,0.67,-0.97,0.2
,Legume,L_Medicago,Control,Medicago,Medicago_Control,224m,224,6.2,17.44,370.26,40.12,428.28,0.8,7.33,0.26,0.54,5.12,26.21,8.63,5575.5,79.75,245.32,26.26,689.58,0.35,1.14,0.52,0.27,99.32,0.07,5.83,339.19,4.99,2.08,0.65,0.43,1.23,-1.8,-0.66,-0.02,0.21,-0.26,-0.11,-0.86,0.43,-1.19,0.29
,Legume,L_Medicago,Control,Medicago,Medicago_Control,225m,225,7.05,13.93,384.61,36.02,405.15,0.67,7.06,0.17,0.43,4.17,17.39,9.17,9619.8,150.66,354.91,29.06,844.467,0.3,1.13,0.45,0.21,99.94,0.15,6.02,409.59,7.29,2.33,0.69,0.47,1.25,-3.88,-0.47,-1.02,-0.56,-1.26,0.4,-0.43,1.14,-0.74,0.52
,Legume,L_Medicago,Drought,Medicago,Medicago_Drought,226m,226,6.82,17.27,376.37,36.23,419.1,0.72,7.19,0.33,0.61,5.71,32.56,8.71,6093,163.52,293.14,30.24,914.513,0.39,1.15,0.56,0.31,99.22,0.17,6.21,500,2.67,1.74,0.51,0.26,1.18,-0.75,0.04,-1,-0.41,-0.52,0.67,-2.01,0.46,-2.21,-0.02
,Legume,L_Medicago,Drought,Medicago,Medicago_Drought,227m,227,6.73,17.08,332.1,39.62,447.94,0.73,7.53,,,,,8.04,3093,206.73,198.86,23.85,568.98,0.43,1.16,0.5,0.25,99.83,0.17,5.44,229.52,8.91,2.48,0.84,0.7,1.31,,-0.52,-0.06,0.78,-0.64,-0.63,0.42,0.46,-0.1,0.18
,Legume,L_Medicago,Drought,Medicago,Medicago_Drought,228m,228,5.65,16.7,305.14,40.99,502.34,0.7,7.77,0.63,0.92,7.96,63.31,8.64,5680.7,194.49,225.08,31.95,1021.02,0.42,1.16,0.53,0.28,99.75,0.44,5.73,308.03,5.17,2.1,0.68,0.46,1.24,5.35,0.18,1.67,1.23,-0.79,-1.42,-0.5,0.15,-0.87,-0.63
,Legume,L_Medicago,Drought,Medicago,Medicago_Drought,229m,229,6.5,25.11,385.99,35.08,435.57,,,0.53,0.81,7.27,52.88,8.31,4048.3,234.6,180.54,18.42,339.41,0.29,1.13,0.52,0.27,99.62,0.06,5.95,385.25,4.5,2.01,0.62,0.39,1.22,3.34,-0.98,-0.4,-1.26,1.6,0.99,-1.1,0.87,-1.89,0.87
,Legume,L_Medicago,Drought,Medicago,Medicago_Drought,230m,230,6.55,20.5,366.36,36.79,443.28,0.75,7.67,0.29,0.57,5.42,29.36,8.97,7864.3,245.07,220.16,34.76,1208.38,0.39,1.15,0.52,0.27,99.93,0.4,5.75,313.25,5.61,2.15,0.69,0.47,1.25,-1.6,0.43,-0.21,-0.34,0.36,0.39,-0.44,0.63,-0.99,0.25
,Grasses,G_Lolium,Control,Lolium,Lolium_Control,231m,231,7.04,5.36,314.87,8.59,387.85,0.69,7.39,0.54,0.83,7.38,54.41,8.49,4886.1,182.34,221.92,76.62,5869.973,1.1,1.44,0.48,0.23,99.68,1.83,5.13,169.28,13.97,2.83,1.01,1.02,1.39,1.44,0.59,-0.63,0.11,0.54,0.3,1.93,-1.18,2.07,-1.19
,Grasses,G_Lolium,Control,Lolium,Lolium_Control,233m,233,6.93,5.04,341.33,8.87,400.39,0.68,7.18,0.73,1.02,8.54,72.97,8.35,4228.4,154.65,268.17,74.93,5615.193,1.15,1.47,0.44,0.2,99.82,1.3,5.17,175.73,18.43,3.06,1.07,1.15,1.42,5.32,0.51,0.61,0.63,0.62,0.81,2.34,-0.78,2.45,-0.65
,Grasses,G_Lolium,Control,Lolium,Lolium_Control,234m,234,6.64,3.67,243.14,6.27,400.44,0.45,4.55,0.3,0.58,5.48,30.08,8.61,5468.6,186.29,193.39,99.72,9943.167,1.35,1.57,0.44,0.2,99.81,1.41,5.27,194.81,16.7,2.98,1.02,1.04,1.4,-3.42,1.78,1.03,-1.44,-1.15,-1.11,2.71,-2.45,2.77,-2.44
,Grasses,G_Lolium,Control,Lolium,Lolium_Control,235m,235,6.52,4.69,299.78,9.21,385.9,0.61,6.8,0.42,0.7,6.46,41.79,8.28,3963.7,156.62,194.73,78.65,6186.593,1.25,1.52,0.43,0.19,99.8,0.83,5.21,182.35,19.53,3.11,1.08,1.16,1.43,-0.96,0.7,-1.01,0.7,,,,,,
,Grasses,G_Lolium,Drought,Lolium,Lolium_Drought,236m,236,6.28,6.15,318.41,13.25,411.6,0.71,7.99,0.27,0.55,5.23,27.35,8.55,5187,238.37,178.46,58.84,3461.613,0.82,1.3,0.48,0.23,99.74,1.27,5.05,155.45,15.15,2.9,1.05,1.11,1.41,-1.29,-0.23,-0.71,1.29,1.16,0.25,1.87,-0.54,1.97,-0.72
,Grasses,G_Lolium,Drought,Lolium,Lolium_Drought,237m,237,6.35,3.81,241.19,9.35,417.25,0.63,6.98,0.24,0.51,4.88,23.8,8.84,6907,275.31,130.14,89.11,7940.467,1.07,1.42,0.5,0.25,99.62,1.1,5.19,179.33,10.97,2.64,0.94,0.88,1.36,-1.96,1.16,-0.01,-0.55,-0.94,-1.32,1.81,-2.24,2.01,-2.56
,Grasses,G_Lolium,Drought,Lolium,Lolium_Drought,238m,238,6.45,4.21,358.36,11.96,416.34,0.71,8.02,0.27,0.55,5.22,27.27,8.48,4809.6,193.72,193.88,81.42,6629.673,1.17,1.48,0.55,0.3,99.46,1.17,5.21,183.19,7.76,2.38,0.85,0.73,1.32,-1.29,0.8,-0.04,0.47,-0.72,1.09,0.88,-1.4,1.16,-1.22
,Grasses,G_Lolium,Drought,Lolium,Lolium_Drought,239m,239,6.3,4.93,305.68,8.08,407.34,0.7,9.05,0.15,0.4,3.9,15.21,7.93,2790.2,224.38,179.06,62.93,3960.2,1.19,1.49,0.47,0.22,99.75,1.09,4.88,131.65,20.21,3.14,1.18,1.39,1.48,-4.09,-0.05,-0.88,-1.34,,,,,,
,Grasses,G_Lolium,Drought,Lolium,Lolium_Drought,240m,240,6.71,5.55,304.78,10.94,433.21,0.73,8.13,0.61,0.89,7.78,60.57,8.42,4557.9,183.98,136.01,69.47,4826.747,1.03,1.4,0.49,0.24,99.77,1.47,4.98,145.95,15.06,2.89,1.07,1.14,1.42,5.73,0.25,1.63,0.14,0.49,-0.02,2.08,-1,2.2,-1.12
,Herbs,H_Ranunculus,Control,Ranunculus,Ranunculus_Control,241m,241,6.69,3.91,384.79,9.72,378.65,0.67,6.9,0.32,0.6,5.65,31.98,7.92,2747.3,208.05,198.78,78.19,6113.987,1.49,1.65,0.52,0.27,99.89,1.44,4.96,142.66,12.45,2.74,1.02,1.05,1.4,0.15,1.92,-0.95,-1.01,-0.51,-0.85,1.81,-0.85,1.96,-0.53
,Herbs,H_Ranunculus,Control,Ranunculus,Ranunculus_Control,242m,242,6.55,22.73,384.2,28.18,413.36,0.85,7.69,0.21,0.48,4.6,21.18,7.45,1718.8,177.16,193.55,37.06,1373.78,0.89,1.33,0.66,0.43,99.89,0.67,5.28,196.12,3.42,1.86,0.68,0.47,1.24,-2.3,-0.2,0.25,1.6,1.78,-1.04,-0.92,0.06,-1.53,0.06
,Herbs,H_Ranunculus,Control,Ranunculus,Ranunculus_Control,243m,243,6.75,4.9,407.74,11.84,382.34,0.67,7.26,0.23,0.5,4.82,23.21,7.78,2390.5,215.36,138.62,79.3,6289.167,1.62,1.73,0.51,0.26,99.9,0.99,5.63,278.72,6.72,2.27,0.74,0.55,1.27,-1.84,1.98,-0.89,-0.63,-0.34,1.32,0.38,-0.49,0.57,-0.6
,Herbs,H_Ranunculus,Control,Ranunculus,Ranunculus_Control,244m,244,6.85,5.32,394.62,17.84,442.13,0.66,7.1,0.24,0.51,4.9,24.05,7.74,2287.1,169.03,259.23,63.26,4001.913,1.32,1.56,0.55,0.31,99.87,1.02,5.58,265.88,5.12,2.09,0.7,0.49,1.25,-1.61,1.15,1.49,-0.01,-0.38,0.19,-0.2,-0.13,0.01,-0.61
,Herbs,H_Ranunculus,Control,Ranunculus,Ranunculus_Control,245m,245,6.87,3.24,397.96,17.17,408.32,0.69,7.64,0.25,0.52,5.01,25.07,7.4,1637.4,177.58,191.03,60.64,3677.813,1.5,1.66,0.52,0.27,99.87,0.85,5.73,306.71,5.75,2.17,0.7,0.48,1.25,-1.38,1.02,0.11,0.05,-0.55,0.38,-0.18,0.13,0.12,-0.5
,Herbs,H_Ranunculus,Drought,Ranunculus,Ranunculus_Drought,247m,247,6.69,4.95,402.19,13.73,414.26,0.58,7.14,0.2825,0.5575,5.2925,28.105,7.24,1392.9,196.41,166.45,61.92,3834.067,1.66,1.75,0.55,0.3,99.86,1.23,5.31,201.46,6.8,2.28,0.81,0.65,1.3,,1.03,0.65,-0.12,-1.4,0.38,0.34,-0.14,0.53,-0.36
,Herbs,H_Ranunculus,Drought,Ranunculus,Ranunculus_Drought,248m,248,6.64,6.23,314.47,14.8,409.53,0.63,6.53,0.35,0.63,5.88,34.53,7.21,1352.9,191.89,176.12,59.56,3547.967,1.62,1.73,0.55,0.31,99.85,1.24,5.47,236.6,5.7,2.16,0.74,0.55,1.27,3.15,0.89,0.35,0.99,0.01,-1.48,0.09,-0.55,0.25,-1.43
,Herbs,H_Ranunculus,Drought,Ranunculus,Ranunculus_Drought,249m,249,6.96,6.83,402.46,14.76,410.55,0.74,6.91,0.28,0.56,5.31,28.16,7.79,2407.9,187.58,184.52,53.25,2835.88,1.09,1.43,0.68,0.47,99.63,2.1,6.09,442.12,1.31,1.46,0.44,0.19,1.16,1.59,0.51,0.49,0.46,0.49,0.4,-2.43,-0.12,-2.13,-1
,Herbs,H_Ranunculus,Drought,Ranunculus,Ranunculus_Drought,250m,250,6.69,6.8,417.27,12.78,384.99,0.64,7.21,0.25,0.52,4.97,24.66,7.3,1473,227.84,144.66,53.68,2881.3,1.4,1.6,0.54,0.3,99.88,1.55,5.6,270.28,5.39,2.13,0.71,0.5,1.25,0.89,0.53,-1.49,-1.33,0.89,0.7,-0.29,0.33,-0.17,-0.06
,Herbs,H_Armeria,Control,Armeria,Armeria_Control,251m,251,6.83,20.29,383.31,37.69,478.8,0.69,7.25,0.37,0.65,6.07,36.9,7.71,2235.9,120.07,233.73,14.56,211.9,0.31,1.13,0.655,0.475,98.53,0.0975,5.4725,261.2175,5.7875,2.025,0.6775,0.4775,1.245,-0.28,-1.37,0.87,0.28,0.52,-0.85,,,,
,Herbs,H_Armeria,Control,Armeria,Armeria_Control,252m,252,6.85,16.72,405.77,27.31,428.68,0.72,7.43,0.77,1.07,8.79,77.35,8.38,4354.5,144.58,129.94,19.83,393.3,0.3,1.13,0.41,0.17,99.95,0.09,6.02,413.64,10.45,2.6,0.75,0.56,1.27,7.87,-1.09,-0.74,-1.73,-0.7,0,-0.05,1.5,-0.58,1.28
,Herbs,H_Armeria,Control,Armeria,Armeria_Control,253m,253,6.62,16.27,440.08,38.98,465.33,0.71,7.2,0.33,0.61,5.71,32.64,6.66,781.7,120.77,223.06,16.35,267.22,0.58,1.21,0.89,0.79,94.17,0.27,4.78,119.33,1.72,1.55,0.65,0.43,1.23,-1.12,-1.27,0.4,0.71,-0.96,1.4,-3.63,-3.9,-2.77,0.09
,Herbs,H_Armeria,Control,Armeria,Armeria_Control,254m,254,6.73,17.76,409.72,37.48,404.45,0.68,6.5,0.27,0.55,5.19,26.95,7.26,1419.2,126.28,270.46,2.39,5.69,0.06,1.1,0.47,0.22,100,0.02,5.57,261.9,9.96,2.56,0.83,0.69,1.31,-2.4,-2,-1.35,0.1,,,,,,
,Herbs,H_Armeria,Control,Armeria,Armeria_Control,255m,255,6.33,21.52,391.35,38.82,478.56,0.74,7.42,0.33,0.62,5.77,33.33,7.68,2158.6,126.79,200.32,11.99,143.71,0.26,1.12,0.85,0.72,100,0.01,5.52,250,1.02,1.39,0.48,0.23,1.17,-1.12,-1.5,0.82,0.64,1.15,-0.55,-2.83,-0.13,-3.55,-0.26
,Herbs,H_Armeria,Drought,Armeria,Armeria_Drought,256m,256,6.22,20.84,412.67,35.21,445.26,0.78,7.58,0.22,0.49,4.68,21.91,6.5,661.9,131.26,214.87,12.7,161.28,0.49,1.18,0.98,0.96,100,0.04,5.43,228.57,0.6,1.28,0.43,0.18,1.16,-1.15,-1.95,-1.21,1.46,0.36,0.61,-3.66,-0.59,-4.3,-0.53
,Herbs,H_Armeria,Drought,Armeria,Armeria_Drought,257m,257,6.39,12.61,316.94,32.14,492.52,0.73,7.39,0.28,0.56,5.31,28.24,7.52,1850.1,187.5,141.62,12.32,151.78,0.29,1.13,0.54,0.29,99.98,0.09,6.16,474.12,3.25,1.83,0.54,0.29,1.19,0.23,-1.97,0.57,-0.52,-0.9,-0.89,-1.54,0.81,-1.91,-0.47
,Herbs,H_Armeria,Drought,Armeria,Armeria_Drought,258m,258,6.5,21.66,392.56,31.59,488.22,0.63,6.14,0.28,0.56,5.28,27.84,7.87,2621.3,184.62,149.69,17.16,294.52,0.34,1.14,0.73,0.53,96.07,0.1,6.23,508.25,0.91,1.36,0.39,0.15,1.15,0.23,-1.68,0.43,-0.96,0.43,0.31,-4.05,-1.82,-3.76,-0.04
,Herbs,H_Armeria,Drought,Armeria,Armeria_Drought,259m,259,6.64,11.32,297.27,32.67,451.44,0.71,7.16,0.23,0.5,4.79,22.94,6.74,845.2,122.25,228.02,9.07,82.18,0.31,1.13,0.6,0.37,100,0.03,5.6,270.97,3.49,1.87,0.63,0.4,1.22,-0.91,-2.17,-0.89,-0.56,-1.14,-1.19,-0.98,0.24,-1.38,-0.77
,Herbs,H_Armeria,Drought,Armeria,Armeria_Drought,260m,260,6.49,27.12,446.71,34.07,507.09,0.69,7.32,0.17,0.42,4.08,16.67,6.53,685.6,192.83,136.44,8.84,78.12,0.34,1.14,0.57,0.33,100,0.04,6.18,483.33,2.42,1.69,0.5,0.25,1.18,-2.36,-2.18,1.1,0.59,1.26,1.16,-2.1,1.51,-3.11,1.56
